Name,POS,"Ht("")",Wt (lbs),40yd,40Z,BP,BPZ,"Vertical ("")",VZ,"Broad Jump("")",BJZ,Shuttle,SZ,3Cone,3CZ,TotZ,AvgZ,Rd,Pick,Rank,,GP,,,,,,,,,,,,,,,,,,,,,,,,,,,,,,,,,,,
Braxston Cave,C,75.25,303,5.33,-1.803122085,,,25.5,-1.580095899,98,-1.83514468,4.71,-1.001399294,7.81,-1.448139653,-7.667901611,-1.533580322,,,,,,,,,0,,,,,,,0,,,,,,,0,,,,,,,0,,,,,,,0,,
Brian Schwenke,C,75,314,4.99,-0.675803006,31,1.494907447,26.5,-1.348617474,108,-0.779330526,4.74,-1.108817564,7.31,-0.21503416,-2.632695282,-0.438782547,4,107,94,,9,567,0,0,567,63,,11,648,0,36,684,62.18181818,,5,305,0,17,322,64.4,,16,247,0,67,314,19.625,,16,148,0,74,222,13.875,
Joe Madsen,C,75.38,310,5.2,-1.372088319,25,0.641716367,25,-1.695835112,98,-1.83514468,4.83,-1.431072374,7.6,-0.930235346,-6.622659464,-1.103776577,,,,,,,,,0,,,,,,,0,,,,,,,0,,,,,,,0,,,,,,,0,,
Matt Stankiewitch,C,75,302,5.43,-2.13468652,27,0.926113394,24,-1.927313536,92,-2.468633173,4.96,-1.896551544,7.9,-1.670098642,-9.171170022,-1.528528337,,,,,,,,,0,,,,,,,0,,,,,,,0,,,,,,,0,,,,,,,0,,
P.J. Lonergan,C,75.25,304,5.38,-1.968904302,25,0.641716367,,,,,,,,,-1.327187935,-0.663593967,,,,,,,,,0,,,,,,,0,,,,,,,0,,,,,,,0,,,,,,,0,,
T.J. Johnson,C,76.25,310,5.33,-1.803122085,32,1.63710596,25.5,-1.580095899,96,-2.046307511,4.74,-1.108817564,7.83,-1.497463873,-6.398700972,-1.066450162,7,251,195,,,,,,0,,,4,6,0,5,11,2.75,,12,16,0,43,59,4.916666667,,16,99,0,70,169,10.5625,,13,236,0,42,278,21.38461538,
Travis Frederick,C,75.63,312,5.58,-2.632033172,21,0.072922314,28.5,-0.885660624,97,-1.940726096,4.76,-1.180429744,7.81,-1.448139653,-8.014066975,-1.335677829,1,31,30,,16,998,0,58,1056,66,,16,1060,0,85,1145,71.5625,,16,1029,0,57,1086,67.875,,16,1058,0,79,1137,71.0625,,16,1065,0,68,1133,70.8125,
Aaron Hester,CB,73.63,198,4.62,0.550985404,,,29,-0.769921412,112,-0.357004864,4.33,0.359232128,7.26,-0.091723611,-0.308432355,-0.061686471,,,,,,,,,0,,,,,,,0,,,,,,,0,,,,,,,0,,,,,,,0,,
Adrian Bushell,CB,69.38,186,4.58,0.683611178,17,-0.495871739,33,0.155992288,116,0.065320798,4.25,0.645680848,6.92,0.746788125,1.801521498,0.300253583,,,,,,,,,0,,,,,,,0,,,,,,,0,,,,,,,0,,,,,,,0,,
B.W. Webb,CB,70.25,184,4.51,0.915706283,14,-0.922467278,40.5,1.892080475,132,1.754623445,3.84,2.113730539,6.82,0.993409224,6.747082687,1.124513781,4,114,100,,15,0,179,143,322,21.46666667,,11,0,4,35,39,3.545454545,,9,0,256,92,348,38.66666667,,14,0,587,80,667,47.64285714,,,,,,0,,
Blidi Wreh-Wilson,CB,73,195,4.53,0.849393396,14,-0.922467278,36,0.850427563,128,1.332297783,4.12,1.111160018,6.97,0.623477576,3.844289057,0.640714843,3,70,64,,13,0,92,243,335,25.76923077,,11,0,670,113,783,71.18181818,,10,0,293,169,462,46.2,,1,0,2,9,11,11,,8,0,65,69,134,16.75,
Brandon McGee,CB,71,193,4.4,1.280427161,14,-0.922467278,33.5,0.2717315,119,0.382065044,4.18,0.896323478,6.71,1.264692432,3.172772338,0.52879539,5,149,127,,15,0,78,235,313,20.86666667,,2,0,26,25,51,25.5,,1,0,0,8,8,8,,,,,,0,,,,,,,0,,
Darius Slay,CB,71.88,192,4.36,1.413052935,14,-0.922467278,35.5,0.73468835,124,0.909972122,4.21,0.788905208,6.9,0.796112345,3.720263682,0.620043947,2,36,34,,13,0,338,170,508,39.07692308,,16,0,1012,30,1042,65.125,,16,0,994,48,1042,65.125,,13,0,731,46,777,59.76923077,,16,0,1064,83,1147,71.6875,
David Amerson,CB,73,205,4.44,1.147801387,15,-0.780268765,35.5,0.73468835,127,1.226716368,,,,,2.328937341,0.582234335,2,51,46,,16,0,685,98,783,48.9375,,15,0,905,121,1026,68.4,,16,0,879,48,927,57.9375,,15,0,959,0,959,63.93333333,,6,0,287,0,287,47.83333333,
Dax Swanson,CB,70,186,4.56,0.749924065,15,-0.780268765,33,0.155992288,122,0.698809291,,,,,0.824456879,0.20611422,,,,,,,,,0,,,,,,,0,,,,,,,0,,,,,,,0,,,,,,,0,,
Dee Milliner,CB,71.88,201,4.37,1.379896492,,,36,0.850427563,122,0.698809291,4.32,0.395038218,6.95,0.672801795,3.996973358,0.799394672,1,9,9,,13,0,723,15,738,56.76923077,,3,0,116,10,126,42,,5,0,0,47,47,9.4,,,,,,0,,,,,,,0,,
Demetrius McCray,CB,72.88,187,4.54,0.816236952,4,-2.344452411,36,0.850427563,126,1.121134953,4.32,0.395038218,7.17,0.130235378,0.968620653,0.161436775,7,210,166,,16,0,92,363,455,28.4375,,16,0,815,223,1038,64.875,,14,0,225,289,514,36.71428571,,,,,,0,,,3,0,0,23,23,7.666666667,
Desmond Trufant,CB,71.63,190,4.38,1.346740048,16,-0.638070252,37.5,1.1976452,125,1.015553537,3.85,2.077924449,,,4.999792983,0.999958597,1,22,21,,16,0,1000,6,1006,62.875,,16,0,1076,60,1136,71,,16,0,966,146,1112,69.5,,9,0,591,67,658,73.11111111,,15,0,901,65,966,64.4,
Dwayne Gratz,CB,71.13,201,4.47,1.048332057,22,0.215120828,38,1.313384413,125,1.015553537,4.15,1.003741748,6.7,1.289354542,5.885487124,0.980914521,3,64,58,,10,0,485,31,516,51.6,,15,0,855,95,950,63.33333333,,12,0,455,153,608,50.66666667,,3,0,84,33,117,39,,,,,,0,,
Greg Reid,CB,68.25,190,4.46,1.0814885,10,-1.491261331,,,,,,,,,-0.409772831,-0.204886415,,,,,,,,,0,,,,,,,0,,,,,,,0,,,,,,,0,,,,,,,0,,
Jamar Taylor,CB,70.63,192,4.39,1.313583605,22,0.215120828,35,0.618949138,127,1.226716368,4.06,1.325996558,6.82,0.993409224,5.69377572,0.94896262,2,54,49,,9,0,42,53,95,10.55555556,,12,0,293,103,396,33,,12,0,712,5,717,59.75,,15,0,921,90,1011,67.4,,16,0,965,117,1082,67.625,
Johnny Adams,CB,70.25,185,4.48,1.015175613,16,-0.638070252,,,,,,,,,0.377105362,0.188552681,,,,,4,0,0,49,49,12.25,,,,,,0,,,,,,,0,,,,,,,0,,,,,,,0,,
Johnthan Banks,CB,74,185,4.61,0.584141848,10,-1.491261331,34,0.387470713,125,1.015553537,4.27,0.574068668,6.97,0.623477576,1.69345101,0.282241835,2,43,40,,16,0,939,96,1035,64.6875,,15,0,910,59,969,64.6,,14,0,434,83,517,36.92857143,,9,0,133,55,188,20.88888889,,3,0,88,10,98,32.66666667,
Jordan Poyer,CB,71.88,191,4.54,0.816236952,8,-1.775658358,30.5,-0.422703774,118,0.276483629,4.18,0.896323478,6.87,0.870098674,0.660780601,0.1101301,7,218,172,,12,0,129,182,311,25.91666667,,16,0,115,367,482,30.125,,14,0,424,269,693,49.5,,6,0,354,75,429,71.5,,15,0,1038,79,1117,74.46666667,
Josh Johnson,CB,69.38,199,4.65,0.451516074,16,-0.638070252,35,0.618949138,114,-0.145842033,4.25,0.645680848,6.99,0.574153356,1.50638713,0.251064522,,,,,2,15,0,0,15,7.5,,,,,,0,,,,,,,0,,,8,0,134,48,182,22.75,,,,,,0,,
Kayvon Webster,CB,70.5,195,4.41,1.247270718,14,-0.922467278,35,0.618949138,125,1.015553537,,,,,1.959306114,0.489826529,3,90,80,,14,0,479,211,690,49.28571429,,12,0,130,272,402,33.5,,15,0,69,276,345,23,,13,0,59,252,311,23.92307692,,11,0,552,5,557,50.63636364,
Khalid Wooten,CB,71,210,4.53,0.849393396,17,-0.495871739,33.5,0.2717315,117,0.170902213,4.18,0.896323478,6.95,0.672801795,2.365280644,0.394213441,6,202,164,,,,,,0,,,3,0,0,45,45,15,,,,,,0,,,,,,,0,,,,,,,0,,
Leon McFadden,CB,69.63,193,4.54,0.816236952,10,-1.491261331,34.5,0.503209925,119,0.382065044,4.27,0.574068668,6.81,1.018071333,1.802390592,0.300398432,3,68,62,,16,0,245,176,421,26.3125,,7,0,81,67,148,21.14285714,,2,0,0,18,18,9,,9,0,56,124,180,20,,,,,,0,,
Logan Ryan,CB,71.13,191,4.56,0.749924065,14,-0.922467278,32.5,0.040253076,116,0.065320798,4.06,1.325996558,6.69,1.314016652,2.573043871,0.428840645,3,83,74,,16,0,599,123,722,45.125,,16,0,510,215,725,45.3125,,16,0,976,52,1028,64.25,,16,0,897,3,900,56.25,,15,0,922,64,986,65.73333333,
Marc Anthony,CB,71.38,196,4.63,0.517828961,12,-1.206864305,35,0.618949138,118,0.276483629,4.07,1.290190468,6.74,1.190706103,2.687293993,0.447882332,7,247,193,,,,,,0,,,,,,,0,,,,,,,0,,,,,,,0,,,,,,,0,,
Micah Hyde,CB,71.75,197,4.56,0.749924065,12,-1.206864305,33,0.155992288,121,0.593227875,4.2,0.824711298,6.78,1.092057663,2.209048885,0.368174814,5,159,133,,16,0,417,238,655,40.9375,,16,0,708,192,900,56.25,,15,0,647,215,862,57.46666667,,16,0,817,230,1047,65.4375,,16,0,1065,82,1147,71.6875,
Mike Edwards,CB,69,189,4.56,0.749924065,14,-0.922467278,36,0.850427563,124,0.909972122,4.18,0.896323478,6.94,0.697463905,3.181643854,0.530273976,,,,,,,,,0,,,,,,,0,,,,,,,0,,,,,,,0,,,,,,,0,,
Nickell Robey,CB,67.25,169,4.53,0.849393396,10,-1.491261331,37.5,1.1976452,127,1.226716368,4.09,1.218578288,6.74,1.190706103,4.191778023,0.698629671,,,,,,,,,0,,,,,,,0,,,,,,,0,,,,,,,0,,,,,,,0,,
Robert Alford,CB,70.13,188,4.39,1.313583605,17,-0.495871739,40,1.776341263,132,1.754623445,4.23,0.717293028,6.89,0.820774455,5.886744057,0.981124009,2,60,54,,16,0,569,215,784,49,,10,0,617,72,689,68.9,,15,0,906,148,1054,70.26666667,,16,0,1081,141,1222,76.375,,16,0,1040,157,1197,74.8125,
Rod Sweeting,CB,71.25,189,4.42,1.214114274,11,-1.349062818,37,1.081905988,124,0.909972122,,,,,1.856929566,0.464232391,,,,,9,0,15,142,157,17.44444444,,,,,,0,,,,,,,0,,,,,,,0,,,,,,,0,,
Sanders Commings,CB,72.13,216,4.41,1.247270718,,,34.5,0.503209925,117,0.170902213,4.3,0.466650398,7.1,0.302870147,2.690903401,0.53818068,5,134,115,,2,0,3,44,47,23.5,,,,,,0,,,,,,,0,,,,,,,0,,,,,,,0,,
Steve Williams,CB,68.88,181,4.42,1.214114274,12,-1.206864305,40.5,1.892080475,128,1.332297783,4.1,1.182772198,6.89,0.820774455,5.235174881,0.872529147,5,145,125,,,,,,0,,,13,0,129,57,186,14.30769231,,14,0,287,88,375,26.78571429,,6,0,219,72,291,48.5,,,,,,0,,
Terry Hawthorne,CB,71.75,195,4.44,1.147801387,13,-1.064665792,35.5,0.73468835,116,0.065320798,,,,,0.883144744,0.220786186,5,150,128,,,,,,0,,,,,,,0,,,,,,,0,,,,,,,0,,,,,,,0,,
Tharold Simon,CB,74,202,4.51,0.915706283,9,-1.633459845,34,0.387470713,128,1.332297783,,,,,1.002014935,0.250503734,5,138,119,,,,,,0,,,10,0,300,71,371,37.1,,1,0,0,3,3,3,,9,0,76,68,144,16,,,,,,0,,
Tyrann Mathieu,CB,68.75,186,4.5,0.948862726,4,-2.344452411,34,0.387470713,117,0.170902213,4.14,1.039547838,6.87,0.870098674,1.072429754,0.178738292,3,69,63,,13,0,779,126,905,69.61538462,,13,0,426,24,450,34.61538462,,14,0,885,113,998,71.28571429,,10,0,560,37,597,59.7,,16,0,1053,208,1261,78.8125,
Will Davis,CB,71.25,186,4.51,0.915706283,16,-0.638070252,35.5,0.73468835,127,1.226716368,4.02,1.469220918,6.52,1.73327252,5.441534187,0.906922365,3,93,82,,5,0,64,11,75,15,,10,0,136,95,231,23.1,,2,0,30,12,42,21,,3,0,54,18,72,24,,,,,,0,,
Xavier Rhodes,CB,73.5,210,4.43,1.180957831,14,-0.922467278,40.5,1.892080475,132,1.754623445,,,,,3.905194473,0.976298618,1,25,24,,13,0,675,63,738,56.76923077,,16,0,1027,93,1120,70,,16,0,1015,23,1038,64.875,,14,0,786,16,802,57.28571429,,16,0,904,15,919,57.4375,
Alex Okafor,DE,76.5,264,4.78,0.020482308,21,0.072922314,,,,,,,,,0.093404623,0.046702311,4,103,91,,1,0,5,20,25,25,,13,0,698,59,757,58.23076923,,13,0,612,46,658,50.61538462,,15,0,230,172,402,26.8,,10,0,486,43,529,52.9,
Armonty Bryant,DE,75.88,263,4.86,-0.24476924,,,31.5,-0.191225349,118,0.276483629,5,-2.039775904,7.32,-0.23969627,-2.438983135,-0.487796627,7,217,171,,12,0,187,133,320,26.66666667,,5,0,132,62,194,38.8,,14,0,480,192,672,48,,5,0,104,1,105,21,,,,,,0,,
Bjoern Werner,DE,75.25,266,4.83,-0.145299909,25,0.641716367,31,-0.306964562,111,-0.462586279,4.4,0.108589497,7.3,-0.19037205,-0.354916936,-0.059152823,1,24,23,,13,0,305,90,395,30.38461538,,15,0,746,72,818,54.53333333,,10,0,153,107,260,26,,,,,,0,,,,,,,0,,
Corey Lemonier,DE,75.38,255,4.6,0.617298291,27,0.926113394,33,0.155992288,119,0.382065044,4.4,0.108589497,7.14,0.204221708,2.394280223,0.399046704,3,88,79,,16,0,276,181,457,28.5625,,16,0,143,235,378,23.625,,10,0,271,9,280,28,,9,0,135,23,158,17.55555556,,,,,,0,,
Cornelius Washington,DE,76,265,4.55,0.783080509,36,2.205900013,39,1.544862838,128,1.332297783,,,,,5.866141143,1.466535286,6,188,154,,,,,,0,,,13,0,77,155,232,17.84615385,,1,0,1,7,8,8,,15,0,364,23,387,25.8,,15,0,488,63,551,36.73333333,
Cornellius Carradine,DE,76.13,276,4.75,0.119951639,28,1.068311907,,,,,,,,,1.188263546,0.594131773,2,40,38,,,,,,0,,,,,,,0,,,,,,,0,,,,,,,0,,,,,,,0,,
Damontre Moore,DE,76.5,250,4.95,-0.543177231,12,-1.206864305,35.5,0.73468835,122,0.698809291,,,,,-0.316543895,-0.079135974,3,81,72,,15,0,133,242,375,25,,16,0,318,158,476,29.75,,14,0,278,201,479,34.21428571,,4,0,104,13,117,29.25,,3,0,58,31,89,29.66666667,
Datone Jones,DE,75.88,283,4.8,-0.045830579,29,1.21051042,31.5,-0.191225349,112,-0.357004864,4.32,0.395038218,7.32,-0.23969627,0.771791576,0.128631929,1,26,25,,16,0,256,105,361,22.5625,,13,0,313,68,381,29.30769231,,15,0,364,117,481,32.06666667,,15,0,548,158,706,47.06666667,,7,0,205,23,228,32.57142857,
David Bass,DE,75.88,262,4.84,-0.178456353,20,-0.069276199,30.5,-0.422703774,111,-0.462586279,4.33,0.359232128,7.07,0.376856477,-0.396934001,-0.066155667,7,233,184,,,,,,0,,,8,0,143,12,155,19.375,,16,0,528,145,673,42.0625,,13,0,226,206,432,33.23076923,,15,0,351,168,519,34.6,
Devin Taylor,DE,79,266,4.72,0.219420969,14,-0.922467278,35,0.618949138,128,1.332297783,4.3,0.466650398,6.89,0.820774455,2.535625464,0.422604244,4,132,113,,14,0,301,56,357,25.5,,16,0,223,52,275,17.1875,,15,0,550,137,687,45.8,,16,0,664,49,713,44.5625,,2,0,10,9,19,9.5,
Dion Jordan,DE,78.25,248,4.6,0.617298291,,,32.5,0.040253076,122,0.698809291,4.35,0.287619947,7.02,0.500167026,2.144147631,0.428829526,1,3,3,,16,0,330,296,626,39.125,,10,0,222,184,406,40.6,,,,,,0,,,,,,,0,,,5,0,135,28,163,32.6,
Ezekial Ansah,DE,77.25,271,4.63,0.517828961,21,0.072922314,34.5,0.503209925,118,0.276483629,4.26,0.609874758,7.11,0.278208037,2.258527625,0.376421271,1,5,5,,,,,,0,,,,,,,0,,,,,,,0,,,,,,,0,,,,,,,0,,
Joe Kruger,DE,78.25,269,4.83,-0.145299909,24,0.499517854,34,0.387470713,117,0.170902213,4.46,-0.106247043,7.17,0.130235378,0.936579206,0.156096534,7,212,167,,,,,,0,,,,,,,0,,,,,,,0,,,,,,,0,,,,,,,0,,
Lavar Edwards,DE,76,277,4.8,-0.045830579,,,33,0.155992288,119,0.382065044,4.51,-0.285277493,7.03,0.475504916,0.682454177,0.136490835,5,142,123,,7,0,149,44,193,27.57142857,,4,0,48,4,52,13,,1,0,2,0,2,2,,10,0,196,27,223,22.3,,3,0,47,0,47,15.66666667,
Malliciah Goodman,DE,75.63,276,4.87,-0.277925683,26,0.783914881,31.5,-0.191225349,114,-0.145842033,,,,,0.168921815,0.042230454,4,127,110,,14,0,302,40,342,24.42857143,,16,0,582,100,682,42.625,,4,0,106,0,106,26.5,,3,0,40,7,47,15.66666667,,,,,,0,,
Margus Hunt,DE,80.13,277,4.62,0.550985404,38,2.49029704,34.5,0.503209925,121,0.593227875,4.51,-0.285277493,7.07,0.376856477,4.229299228,0.704883205,2,53,48,,10,0,164,73,237,23.7,,12,0,186,175,361,30.08333333,,7,0,57,104,161,23,,15,0,322,249,571,38.06666667,,16,0,576,206,782,48.875,
Michael Buchanan,DE,77.38,255,4.78,0.020482308,22,0.215120828,33,0.155992288,113,-0.251423449,4.44,-0.034634863,6.91,0.771450235,0.876987347,0.146164558,7,226,177,,15,0,119,202,321,21.4,,3,0,25,43,68,22.66666667,,,,,,0,,,,,,,0,,,,,,,0,,
Sam Montgomery,DE,75.25,262,4.81,-0.078987022,,,34.5,0.503209925,114,-0.145842033,4.51,-0.285277493,7.18,0.105573268,0.098676645,0.019735329,3,95,84,,,,,,0,,,,,,,0,,,,,,,0,,,,,,,0,,,,,,,0,,
Stansly Maponga,DE,73.88,256,4.78,0.020482308,30,1.352708934,,,,,,,,,1.373191242,0.686595621,5,153,130,,12,0,126,67,193,16.08333333,,12,0,87,52,139,11.58333333,,2,0,0,15,15,7.5,,,,,,0,,,,,,,0,,
Tourek Williams,DE,75,260,4.92,-0.443707901,25,0.641716367,33,0.155992288,112,-0.357004864,,,,,-0.003004109,-0.000751027,6,179,148,,13,0,214,93,307,23.61538462,,15,0,131,325,456,30.4,,3,4,0,35,39,13,,16,0,144,231,375,23.4375,,,,,,0,,
William Gholston,DE,78.25,281,4.96,-0.576333675,23,0.357319341,28.5,-0.885660624,110,-0.568167695,4.59,-0.571726213,7.2,0.056249049,-2.188319818,-0.36471997,4,126,109,,12,0,312,24,336,28,,15,0,570,74,644,42.93333333,,16,0,671,82,753,47.0625,,14,0,585,71,656,46.85714286,,14,0,447,75,522,37.28571429,
Abry Jones,DT,75.38,313,5.06,-0.90789811,30,1.352708934,26.5,-1.348617474,101,-1.518400434,,,,,-2.422207085,-0.605551771,,,,,8,0,129,50,179,22.375,,16,0,376,127,503,31.4375,,15,0,364,184,548,36.53333333,,15,0,463,156,619,41.26666667,,15,0,488,124,612,40.8,
Akeem Spence,DT,72.63,307,5.15,-1.206306102,37,2.348098527,30,-0.538442987,107,-0.884911941,4.72,-1.037205384,7.82,-1.472801763,-2.79156965,-0.465261608,4,100,88,,16,0,694,96,790,49.375,,16,0,492,70,562,35.125,,8,0,289,51,340,42.5,,16,0,362,117,479,29.9375,,16,0,662,11,673,42.0625,
Bennie Logan,DT,73.88,309,5.08,-0.974210997,30,1.352708934,25,-1.695835112,104,-1.201656188,4.67,-0.858174933,7.53,-0.757600577,-4.134768873,-0.689128145,3,67,61,,16,0,480,131,611,38.1875,,16,0,638,161,799,49.9375,,14,0,583,65,648,46.28571429,,13,0,467,56,523,40.23076923,,15,0,572,56,628,41.86666667,
Brandon Williams,DT,73,335,5.37,-1.935747859,38,2.49029704,29.5,-0.654182199,102,-1.412819019,4.91,-1.717521094,8.09,-2.13867873,-5.368651861,-0.89477531,3,94,83,,7,0,91,29,120,17.14285714,,16,0,549,52,601,37.5625,,16,0,725,26,751,46.9375,,16,0,636,68,704,44,,12,0,475,35,510,42.5,
Chris Jones,DT,73.63,302,5.33,-1.803122085,30,1.352708934,24.5,-1.811574324,106,-0.990493357,4.44,-0.034634863,7.44,-0.535641588,-3.822757283,-0.637126214,6,198,162,,13,0,780,66,846,65.07692308,,15,0,418,81,499,33.26666667,,,,,,0,,,13,,302,122,424,32.61538462,,16,0,678,21,699,43.6875,
Cory Grissom,DT,73.38,306,5.31,-1.736809198,22,0.215120828,27.5,-1.117139049,97,-1.940726096,4.81,-1.359460194,7.79,-1.398815434,-7.337829143,-1.222971524,,,,,,,,,0,,,,,,,0,,,,,,,0,,,,,,,0,,,,,,,0,,
Everett Dawkins,DT,74.13,292,5.06,-0.90789811,23,0.357319341,30,-0.538442987,103,-1.307237603,4.88,-1.610102824,7.61,-0.954897456,-4.961259639,-0.826876607,7,229,180,,1,0,20,0,20,20,,,,,,0,,,,,,,0,,,,,,,0,,,,,,,0,,
Jared Smith,DT,75.38,302,5.08,-0.974210997,28,1.068311907,32.5,0.040253076,115,-0.040260618,4.39,0.144395587,7.2,0.056249049,0.294738004,0.049123001,7,241,190,,,,,,0,,,,,,,0,,,,,,,0,,,,,,,0,,,,,,,0,,
Jesse Williams,DT,75.38,323,4.94,-0.510020788,30,1.352708934,,,,,,,,,0.842688146,0.421344073,5,137,118,,,,,,0,,,,,,,0,,,,,,,0,,,,,,,0,,,,,,,0,,
John Jenkins,DT,75.63,346,5.21,-1.405244763,30,1.352708934,,,,,,,,,-0.052535829,-0.026267914,3,82,73,,16,0,432,61,493,30.8125,,12,0,390,0,390,32.5,,14,0,532,55,587,41.92857143,,9,0,209,13,222,24.66666667,,8,0,109,44,153,19.125,
Johnathan Hankins,DT,74.88,320,5.31,-1.736809198,,,26,-1.464356687,104,-1.201656188,4.61,-0.643338393,7.59,-0.905573236,-5.951733701,-1.19034674,2,49,44,,11,0,191,20,211,19.18181818,,16,0,681,73,754,47.125,,9,0,409,38,447,49.66666667,,16,0,765,85,850,53.125,,15,0,686,30,716,47.73333333,
Jordan Hill,DT,73.25,303,5.23,-1.47155765,28,1.068311907,22.5,-2.274531174,103,-1.307237603,4.51,-0.285277493,7.49,-0.658952138,-4.92924415,-0.821540692,3,87,78,,4,0,64,0,64,16,,13,0,359,2,361,27.76923077,,10,0,311,46,357,35.7,,4,0,42,21,63,15.75,,,,,,0,,
Josh Boyd,DT,74.63,310,5.14,-1.173149658,32,1.63710596,26.5,-1.348617474,104,-1.201656188,4.64,-0.750756663,7.16,0.154897488,-2.682176535,-0.447029422,5,167,139,,9,0,102,28,130,14.44444444,,15,0,386,163,549,36.6,,2,0,26,7,33,16.5,,,,,,0,,,,,,,0,,
Kwame Geathers,DT,77.38,342,5.44,-2.167842963,,,26.5,-1.348617474,96,-2.046307511,5.27,-3.006540335,8.11,-2.188002949,-10.75731123,-2.151462247,,,,,7,0,30,29,59,8.428571429,,,,,,0,,,,,,,0,,,,,,,0,,,,,,,0,,
Montori Hughes,DT,76,329,5.23,-1.47155765,22,0.215120828,26.5,-1.348617474,104,-1.201656188,4.7,-0.965593204,7.85,-1.546788093,-6.31909178,-1.053181963,5,139,120,,4,0,71,26,97,24.25,,12,0,196,55,251,20.91666667,,7,0,118,80,198,28.28571429,,2,0,17,2,19,9.5,,,,,,0,,
Nicholas Williams,DT,76.5,309,4.94,-0.510020788,28,1.068311907,33,0.155992288,111,-0.462586279,4.65,-0.786562753,7.55,-0.806924797,-1.341790422,-0.223631737,7,223,175,,,,,,0,,,2,0,1,8,9,4.5,,14,0,182,13,195,13.92857143,,10,0,85,12,97,9.7,,,,,,0,,
Sharrif Floyd,DT,74.63,297,4.92,-0.443707901,,,30,-0.538442987,106,-0.990493357,4.75,-1.144623654,7.4,-0.436993149,-3.554261047,-0.710852209,1,23,22,,16,0,462,115,577,36.0625,,14,0,568,50,618,44.14285714,,13,0,548,45,593,45.61538462,,1,0,25,2,27,27,,,,,,0,,
Sheldon Richardson,DT,74.5,294,5.02,-0.775272336,30,1.352708934,32,-0.075486137,116,0.065320798,,,,,0.567271259,0.141817815,1,13,12,,16,6,882,74,962,60.125,,16,3,809,76,888,55.5,,11,0,618,28,646,58.72727273,,15,0,761,33,794,52.93333333,,15,0,654,62,716,47.73333333,
Star Lotulelei,DT,76,320,5.14,-1.173149658,,,,,,,,,,,-1.173149658,-1.173149658,1,14,13,,16,0,604,59,663,41.4375,,14,0,478,61,539,38.5,,14,0,533,52,585,41.78571429,,16,0,703,80,783,48.9375,,16,0,586,82,668,41.75,
Sylvester Williams,DT,74.63,313,5.03,-0.80842878,27,0.926113394,26.5,-1.348617474,102,-1.412819019,4.8,-1.323654104,7.93,-1.744084972,-5.711490954,-0.951915159,1,28,27,,13,0,296,8,304,23.38461538,,16,0,426,30,456,28.5,,15,0,534,60,594,39.6,,16,0,647,79,726,45.375,,15,0,349,44,393,26.2,
T.J. Barnes,DT,78.25,369,5.3,-1.703652754,25,0.641716367,22,-2.390270386,97,-1.940726096,4.96,-1.896551544,8.26,-2.557934597,-9.847419011,-1.641236502,,,,,,,,,0,,,6,0,72,5,77,12.83333333,,10,0,58,49,107,10.7,,5,0,63,7,70,14,,,,,,0,,
Braden Wilson,FB,76,251,4.81,-0.078987022,22,0.215120828,,,,,,,,,0.136133805,0.068066903,6,204,165,,,,,,0,,,,,,,0,,,,,,,0,,,,,,,0,,,,,,,0,,
Lonnie Pryor,FB,71.38,227,4.7,0.285733856,17,-0.495871739,30,-0.538442987,114,-0.145842033,4.55,-0.428501853,7.28,-0.14104783,-1.463972586,-0.243995431,,,,,,,,,0,,,,,,,0,,,,,,,0,,,,,,,0,,,,,,,0,,
Tommy Bohanon,FB,73,246,4.88,-0.311082127,36,2.205900013,35,0.618949138,119,0.382065044,4.42,0.036977317,7.27,-0.11638572,2.816423665,0.469403944,7,215,170,,16,371,0,85,456,28.5,,4,54,0,12,66,16.5,,16,268,0,234,502,31.375,,,,,,0,,,16,273,0,181,454,28.375,
Zach Boren,FB,71.5,238,5,-0.708959449,15,-0.780268765,32,-0.075486137,109,-0.67374911,4.44,-0.034634863,7.28,-0.14104783,-2.414146154,-0.402357692,,,,,,,,,0,,,,,,,0,,,,,,,0,,,,,,,0,,,,,,,0,,
Zach Line,FB,72.5,232,4.77,0.053638752,26,0.783914881,30.5,-0.422703774,111,-0.462586279,,,,,-0.047736421,-0.011934105,,,,,3,68,0,25,93,31,,1,0,0,9,9,9,,16,220,0,128,348,21.75,,15,210,0,130,340,22.66666667,,12,168,0,126,294,24.5,
Bacarri Rambo,FS,72.5,211,4.56,0.749924065,17,-0.495871739,,,,,,,,,0.254052327,0.127026163,6,191,157,,11,0,334,118,452,41.09090909,,6,0,127,59,186,31,,15,0,686,101,787,52.46666667,,9,0,468,23,491,54.55555556,,,,,,0,,
Bradley McDougald,FS,72.25,215,4.74,0.153108082,19,-0.211474712,34.5,0.503209925,122,0.698809291,4.44,-0.034634863,7.07,0.376856477,1.4858742,0.2476457,,,,,4,0,0,38,38,9.5,,15,0,445,197,642,42.8,,16,0,890,82,972,60.75,,16,0,1012,82,1094,68.375,,16,0,675,236,911,56.9375,
D.J. Swearinger,FS,70.5,208,4.67,0.385203187,17,-0.495871739,37,1.081905988,124,0.909972122,4.11,1.146966108,6.7,1.289354542,4.317530208,0.719588368,2,57,52,,16,0,797,197,994,62.125,,16,0,1017,28,1045,65.3125,,11,0,263,144,407,37,,16,0,837,151,988,61.75,,16,0,1092,86,1178,73.625,
Daimion Stafford,FS,71.63,221,4.69,0.3188903,21,0.072922314,30.5,-0.422703774,111,-0.462586279,,,7.06,0.401518587,-0.091958853,-0.018391771,7,248,194,,16,0,9,302,311,19.4375,,15,0,276,291,567,37.8,,16,0,331,290,621,38.8125,,15,0,614,221,835,55.66666667,,,,,,0,,
Eric Reid,FS,73.25,213,4.53,0.849393396,17,-0.495871739,40.5,1.892080475,134,1.965786276,4.22,0.753099118,6.99,0.574153356,5.538640882,0.923106814,1,18,17,,16,0,982,78,1060,66.25,,15,0,806,59,865,57.66666667,,16,0,1113,153,1266,79.125,,10,0,744,64,808,80.8,,13,0,736,68,804,61.84615385,
John Boyett,FS,69.88,204,4.64,0.484672517,27,0.926113394,,,,,,,,,1.410785911,0.705392956,6,192,158,,,,,,0,,,,,,,0,,,,,,,0,,,,,,,0,,,,,,,0,,
Josh Evans,FS,73.13,207,4.58,0.683611178,,,34.5,0.503209925,123,0.804390706,4.1,1.182772198,6.64,1.437327201,4.611311209,0.922262242,6,169,141,,15,0,676,141,817,54.46666667,,16,0,971,91,1062,66.375,,16,0,621,58,679,42.4375,,2,0,0,24,24,12,,,,,,0,,
Kenny Vaccaro,FS,73,214,4.63,0.517828961,15,-0.780268765,38,1.313384413,121,0.593227875,4.06,1.325996558,6.78,1.092057663,4.062226705,0.677037784,1,15,14,,14,0,792,46,838,59.85714286,,15,6,980,89,1075,71.66666667,,16,15,1062,91,1168,73,,11,0,721,32,753,68.45454545,,12,7,691,51,749,62.41666667,
Matt Elam,FS,69.88,208,4.5,0.948862726,17,-0.495871739,35.5,0.73468835,118,0.276483629,,,,,1.464162967,0.366040742,1,32,31,,16,0,1011,147,1158,72.375,,16,0,636,122,758,47.375,,,,,,0,,,9,0,54,210,264,29.33333333,,,,,,0,,
Phillip Thomas,FS,72.5,208,4.65,0.451516074,14,-0.922467278,35,0.618949138,122,0.698809291,,,,,0.846807224,0.211701806,,,,,,,,,0,,,8,0,271,73,344,43,,,,,,0,,,,,,,0,,,,,,,0,,
Rontez Miles,FS,71.63,203,4.62,0.550985404,,,36.5,0.966166775,123,0.804390706,4.27,0.574068668,6.97,0.623477576,3.519089129,0.703817826,,,,,1,0,0,15,15,15,,,,,,0,,,9,0,126,165,291,32.33333333,,16,0,393,332,725,45.3125,,13,0,124,326,450,34.61538462,
T.J. McDonald,FS,74.5,219,4.59,0.650454735,19,-0.211474712,40,1.776341263,131,1.64904203,4.2,0.824711298,6.89,0.820774455,5.509849068,0.918308178,3,71,65,,10,0,650,84,734,73.4,,16,0,982,133,1115,69.6875,,11,0,770,73,843,76.63636364,,16,0,1070,135,1205,75.3125,,8,0,539,10,549,68.625,
Tony Jefferson,FS,70.75,213,4.75,0.119951639,16,-0.638070252,,,,,,,,,-0.518118613,-0.259059307,,,,,16,0,198,208,406,25.375,,16,0,680,241,921,57.5625,,16,0,755,148,903,56.4375,,15,0,929,201,1130,75.33333333,,16,0,1083,67,1150,71.875,
Zeke Motta,FS,74.25,213,4.83,-0.145299909,11,-1.349062818,35.5,0.73468835,126,1.121134953,4.16,0.967935658,6.75,1.166043993,2.495440226,0.415906704,7,244,191,,10,0,153,158,311,31.1,,,,,,0,,,,,,,0,,,,,,,0,,,,,,,,,
A.J. Klein,ILB,73.25,250,4.66,0.41835963,20,-0.069276199,,,113,-0.251423449,,,,,0.097659983,0.032553328,5,148,126,,16,0,129,260,389,24.3125,,14,0,282,269,551,39.35714286,,15,0,318,283,601,40.06666667,,15,0,350,231,581,38.73333333,,12,0,664,63,727,60.58333333,
Brandon Hepburn,ILB,74.5,240,4.68,0.352046743,21,0.072922314,32,-0.075486137,124,0.909972122,4.55,-0.428501853,7.4,-0.436993149,0.39396004,0.065660007,7,245,192,,,,,,0,,,,,,,0,,,,,,,0,,,,,,,0,,,,,,,0,,
Bruce Taylor,ILB,73.38,234,5.01,-0.742115893,19,-0.211474712,30.5,-0.422703774,115,-0.040260618,4.39,0.144395587,7.21,0.031586939,-1.24057247,-0.206762078,,,,,,,,,0,,,,,,,0,,,,,,,0,,,,,,,0,,,,,,,0,,
Jon Bostic,ILB,72.88,245,4.61,0.584141848,22,0.215120828,32.5,0.040253076,118,0.276483629,4.24,0.681486938,6.99,0.574153356,2.371639673,0.395273279,2,50,45,,,,,,0,,,,,,,0,,,,,,,0,,,,,,,0,,,,,,,0,,
Jonathan Stewart,ILB,75.75,242,4.68,0.352046743,19,-0.211474712,31,-0.306964562,118,0.276483629,4.53,-0.356889673,7.44,-0.535641588,-0.782440163,-0.130406694,,,,,6,108,0,0,108,18,,13,546,0,0,546,42,,13,607,0,0,607,46.69230769,,13,565,0,0,565,43.46153846,,15,403,0,0,403,26.86666667,
Kevin Minter,ILB,71.75,246,4.81,-0.078987022,25,0.641716367,33,0.155992288,119,0.382065044,,,,,1.100786677,0.275196669,2,45,41,,13,0,1,207,208,16,,16,0,317,20,337,21.0625,,16,0,926,67,993,62.0625,,16,0,1003,48,1051,65.6875,,9,0,198,5,203,22.55555556,
Kevin Reddick,ILB,73.38,243,4.72,0.219420969,23,0.357319341,,,113,-0.251423449,,,,,0.325316862,0.108438954,,,,,16,0,15,303,318,19.875,,5,0,0,67,67,13.4,,5,0,32,116,148,29.6,,,,,,0,,,,,,,0,,
Manti Te'o,ILB,73.25,241,4.82,-0.112143466,,,33,0.155992288,113,-0.251423449,4.27,0.574068668,7.13,0.228883818,0.595377859,0.119075572,2,38,36,,13,0,524,107,631,48.53846154,,10,0,457,51,508,50.8,,12,0,710,21,731,60.91666667,,3,0,142,8,150,50,,16,0,501,73,574,35.875,
Sam Barrington,ILB,72.88,246,4.91,-0.410551457,22,0.215120828,32.5,0.040253076,117,0.170902213,,,,,0.015724659,0.003931165,7,232,183,,7,0,0,90,90,12.85714286,,14,0,357,119,476,34,,1,0,15,1,16,16,,7,0,0,81,81,11.57142857,,,,,,0,,
Steve Beauharnais,ILB,72.88,240,4.84,-0.178456353,19,-0.211474712,33,0.155992288,118,0.276483629,4.2,0.824711298,6.99,0.574153356,1.441409506,0.240234918,7,235,186,,2,0,1,10,11,5.5,,3,0,3,51,54,18,,,,,,0,,,,,,,0,,,,,,,0,,
Tom Wort,ILB,73,235,4.78,0.020482308,21,0.072922314,31.5,-0.191225349,111,-0.462586279,4.51,-0.285277493,7.41,-0.461655259,-1.307339758,-0.21788996,,,,,,,,,0,,,,,,,0,,,,,,,0,,,,,,,0,,,,,,,0,,
Dustin Hopkins,K,74,193,4.74,0.153108082,,,33.5,0.2717315,116,0.065320798,,,,,0.49016038,0.163386793,6,177,147,,,,,,0,,,,,,,0,,,15,0,0,148,148,9.866666667,,16,0,0,173,173,10.8125,,,,,,0,,
Luke Ingram,LS,77,258,5.05,-0.874741667,24,0.499517854,,,106,-0.990493357,,,,,-1.365717169,-0.455239056,,,,,,,,,0,,,,,,,0,,,,,,,0,,,,,,,0,,,,,,,0,,
Alvin Bailey,OG,75.13,312,4.95,-0.543177231,27,0.926113394,,,,,,,,,0.382936163,0.191468081,,,,,14,81,0,71,152,10.85714286,,14,419,0,68,487,34.78571429,,15,272,0,53,325,21.66666667,,14,373,0,45,418,29.85714286,,,,,,0,,
Chance Warmack,OG,74,317,5.49,-2.333625181,,,,,110,-0.568167695,,,,,-2.901792876,-1.450896438,1,10,10,,16,1075,0,70,1145,71.5625,,16,965,0,49,1014,63.375,,14,830,0,36,866,61.85714286,,2,134,0,5,139,69.5,,11,316,0,41,357,32.45454545,
Chris Barker,OG,74.63,305,5.25,-1.537870537,29,1.21051042,27.5,-1.117139049,99,-1.729563265,4.77,-1.216235834,8.09,-2.13867873,-6.528976994,-1.088162832,,,,,4,0,0,19,19,4.75,,1,0,0,5,5,5,,1,4,0,5,9,9,,,,,,0,,,,,,,0,,
Earl Watford,OG,75.38,300,5.06,-0.90789811,24,0.499517854,30,-0.538442987,107,-0.884911941,5,-2.039775904,7.77,-1.349491214,-5.221002302,-0.87016705,4,116,102,,,,,,0,,,10,9,0,52,61,6.1,,7,199,0,32,231,33,,15,787,0,82,869,57.93333333,,10,612,0,42,654,65.4,
Edmond Kugbila,OG,76.13,317,5.31,-1.736809198,23,0.357319341,22.2,-2.343974701,105,-1.096074772,4.65,-0.786562753,7.72,-1.226180665,-6.832282748,-1.138713791,4,108,95,,,,,,0,,,,,,,0,,,,,,,0,,,,,,,0,,,,,,,0,,
Eric Herman,OG,76.13,320,5.25,-1.537870537,36,2.205900013,28,-1.001399837,95,-2.151888927,5.09,-2.362030715,7.99,-1.892057631,-6.739347633,-1.123224605,7,225,176,,,,,,0,,,,,,,0,,,,,,,0,,,,,,,0,,,,,,,0,,
Garrett Gilkey,OG,77.88,318,5.33,-1.803122085,28,1.068311907,30,-0.538442987,108,-0.779330526,4.75,-1.144623654,7.65,-1.053545895,-4.250753239,-0.708458873,7,227,178,,6,93,0,15,108,18,,16,206,0,55,261,16.3125,,,,,,0,,,,,,,0,,,,,,,0,,
Hugh Thornton,OG,75.25,320,5.11,-1.073680328,27,0.926113394,,,,,4.63,-0.714950573,7.45,-0.560303698,-1.422821205,-0.355705301,3,86,77,,14,870,0,67,937,66.92857143,,10,566,0,51,617,61.7,,13,800,0,54,854,65.69230769,,,,,,0,,,,,,,0,,
J.C. Tretter,OG,75.63,307,5.09,-1.007367441,29,1.21051042,29.5,-0.654182199,109,-0.67374911,4.69,-0.929787113,7.48,-0.634290028,-2.688865471,-0.448144245,,,,,,,,,0,,,8,58,0,52,110,13.75,,16,373,0,123,496,31,,7,488,0,0,488,69.71428571,,16,1068,0,0,1068,66.75,
Jamaal Johnson-Webb,OG,77,313,5.37,-1.935747859,17,-0.495871739,23,-2.158791961,92,-2.468633173,4.74,-1.108817564,8.12,-2.212665059,-10.38052735,-1.730087892,,,,,,,,,0,,,,,,,0,,,,,,,0,,,,,,,0,,,,,,,0,,
Jeff Baca,OG,75.38,302,5.03,-0.80842878,,,26.5,-1.348617474,,,4.44,-0.034634863,7.26,-0.091723611,-2.283404727,-0.570851182,6,196,160,,4,4,0,26,30,7.5,,,,,,0,,,,,,,0,,,,,,,0,,,,,,,0,,
Jonathan Cooper,OG,74.13,311,5.07,-0.941054554,35,2.0637015,27,-1.232878262,108,-0.779330526,4.84,-1.466878464,7.78,-1.374153324,-3.730593629,-0.621765605,1,7,7,,,,,,0,,,10,184,0,25,209,20.9,,14,638,0,79,717,51.21428571,,5,183,0,16,199,39.8,,13,835,0,53,888,68.30769231,
Justin Pugh,OG,76.5,307,5.14,-1.173149658,,,28.5,-0.885660624,103,-1.307237603,4.63,-0.714950573,7.45,-0.560303698,-4.641302157,-0.928260431,1,19,18,,16,1027,0,57,1084,67.75,,14,910,0,4,914,65.28571429,,14,968,0,29,997,71.21428571,,11,687,0,39,726,66,,8,436,0,22,458,57.25,
Lamar Mady,OG,74,317,5.48,-2.300468737,35,2.0637015,23,-2.158791961,95,-2.151888927,4.82,-1.395266284,8.07,-2.08935451,-8.032068919,-1.338678153,,,,,7,95,0,19,114,16.28571429,,,,,,0,,,,,,,0,,,,,,,0,,,,,,,0,,
Larry Warford,OG,75,332,5.58,-2.632033172,28,1.068311907,22.5,-2.274531174,96,-2.046307511,5.1,-2.397836805,7.78,-1.374153324,-9.656550079,-1.609425013,3,65,59,,16,1135,0,71,1206,75.375,,13,784,0,52,836,64.30769231,,13,814,0,11,825,63.46153846,,15,970,0,64,1034,68.93333333,,14,824,0,75,899,64.21428571,
Mark Jackson,OG,77.38,328,5.65,-2.864128277,20,-0.069276199,20.5,-2.737488024,91,-2.574214589,5.03,-2.147194174,8.07,-2.08935451,-12.48165577,-2.080275962,,,,,,,,,0,,,,,,,0,,,,,,,0,,,,,,,0,,,,,,,0,,
Travis Bond,OG,77.88,329,5.27,-1.604183424,22,0.215120828,22.5,-2.274531174,98,-1.83514468,4.96,-1.896551544,7.85,-1.546788093,-8.942078087,-1.490346348,7,214,169,,2,4,0,2,6,3,,,,,,0,,,,,,,0,,,,,,,0,,,,,,,0,,
Zach Allen,OG,73.75,332,5.43,-2.13468652,32,1.63710596,,,,,,,,,-0.49758056,-0.24879028,,,,,,,,,0,,,,,,,0,,,,,,,0,,,,,,,0,,,,,,,0,,
Alec Ogletree,OLB,74.5,242,4.7,0.285733856,20,-0.069276199,33.5,0.2717315,122,0.698809291,4.39,0.144395587,7.16,0.154897488,1.486291524,0.247715254,1,30,29,,16,0,1033,82,1115,69.6875,,16,0,978,30,1008,63,,,,,,0,,,16,0,1090,2,1092,68.25,,15,0,923,63,986,65.73333333,
Arthur Brown,OLB,72.38,241,4.62,0.550985404,,,,,116,0.065320798,,,,,0.616306202,0.308153101,2,56,51,,14,0,205,229,434,31,,4,0,0,51,51,12.75,,16,0,10,258,268,16.75,,14,0,6,335,341,24.35714286,,,,,,0,,
Barkevious Mingo,OLB,76.25,241,4.58,0.683611178,,,37,1.081905988,128,1.332297783,4.39,0.144395587,6.84,0.944085004,4.186295541,0.837259108,1,6,6,,15,0,666,134,800,53.33333333,,15,0,667,213,880,58.66666667,,16,0,256,368,624,39,,16,0,47,323,370,23.125,,16,0,501,287,788,49.25,
Brandon Jenkins,OLB,74.5,251,4.69,0.3188903,18,-0.353673225,,,,,,,,,-0.034782926,-0.017391463,5,162,136,,5,0,39,42,81,16.2,,,,,,0,,,,,,,0,,,,,,,0,,,,,,,0,,
Brandon Magee,OLB,71,223,4.74,0.153108082,,,,,114,-0.145842033,,,,,0.007266049,0.003633025,,,,,8,0,0,148,148,18.5,,9,0,16,170,186,20.66666667,,,,,,0,,,,,,,0,,,,,,,0,,
Chase Thomas,OLB,75.25,244,4.91,-0.410551457,18,-0.353673225,32,-0.075486137,113,-0.251423449,4.31,0.430844308,7.17,0.130235378,-0.530054582,-0.08834243,,,,,,,,,0,,,5,0,0,53,53,10.6,,,,,,0,,,,,,,0,,,,,,,0,,
DeVonte Holloman,OLB,73.38,243,4.76,0.086795195,15,-0.780268765,33,0.155992288,113,-0.251423449,4.26,0.609874758,7.3,-0.19037205,-0.369402023,-0.061567004,6,185,152,,9,0,208,141,349,38.77777778,,,,,,0,,,,,,,0,,,,,,,0,,,,,,,0,,
Etienne Sabino,OLB,74,247,4.75,0.119951639,24,0.499517854,,,114,-0.145842033,,,,,0.47362746,0.15787582,,,,,,,,,0,,,,,,,0,,,,,,,0,,,,,,,0,,,,,,,0,,
Gerald Hodges,OLB,73,243,4.78,0.020482308,22,0.215120828,,,119,0.382065044,,,,,0.61766818,0.205889393,4,120,105,,11,0,2,181,183,16.63636364,,14,0,503,136,639,45.64285714,,14,0,517,80,597,42.64285714,,15,0,584,73,657,43.8,,11,0,12,178,190,17.27272727,
Jamie Collins,OLB,75.5,250,4.64,0.484672517,19,-0.211474712,41.5,2.1235589,139,2.493693354,4.32,0.395038218,7.1,0.302870147,5.588358424,0.931393071,2,52,47,,16,0,296,364,660,41.25,,15,0,925,79,1004,66.93333333,,12,0,775,57,832,69.33333333,,15,0,980,30,1010,67.33333333,,6,0,330,26,356,59.33333333,
Jarvis Jones,OLB,75,241,4.74,0.153108082,,,,,,,,,,,0.153108082,0.153108082,1,17,16,,14,0,630,121,751,53.64285714,,7,0,231,35,266,38,,15,0,455,113,568,37.86666667,,14,0,474,32,506,36.14285714,,,,,,0,,
Jelani Jenkins,OLB,72.5,243,4.54,0.816236952,27,0.926113394,,,,,,,,,1.742350346,0.871175173,4,104,92,,16,0,125,209,334,20.875,,15,0,900,77,977,65.13333333,,13,0,697,13,710,54.61538462,,9,0,371,7,378,42,,7,0,81,46,127,18.14285714,
John Lotulelei,OLB,71.38,233,4.84,-0.178456353,25,0.641716367,35.5,0.73468835,117,0.170902213,4.3,0.466650398,6.91,0.771450235,2.606951211,0.434491868,,,,,14,0,108,241,349,24.92857143,,,,,,0,,,4,0,0,106,106,26.5,,,,,,0,,,,,,,0,,
Keith Pough,OLB,73.75,239,4.9,-0.377395014,17,-0.495871739,33,0.155992288,118,0.276483629,4.47,-0.142053133,7.28,-0.14104783,-0.723891799,-0.120648633,,,,,,,,,0,,,,,,,0,,,,,,,0,,,,,,,0,,,,,,,0,,
Khaseem Greene,OLB,72.75,241,4.71,0.252577413,17,-0.495871739,30,-0.538442987,116,0.065320798,4.2,0.824711298,7.58,-0.880911126,-0.772616343,-0.128769391,4,117,103,,,,,,0,,,10,0,117,108,225,22.5,,,,,,0,,,,,,,0,,,,,,,0,,
Michael Mauti,OLB,73.88,243,4.83,-0.145299909,28,1.068311907,,,,,,,,,0.923011998,0.461505999,7,213,168,,14,0,11,265,276,19.71428571,,9,0,1,168,169,18.77777778,,16,0,174,305,479,29.9375,,8,0,58,168,226,28.25,,11,0,63,237,300,27.27272727,
Nathan Williams,OLB,75,241,4.88,-0.311082127,24,0.499517854,35,0.618949138,113,-0.251423449,4.44,-0.034634863,6.99,0.574153356,1.09547991,0.182579985,,,,,,,,,0,,,,,,,0,,,,,,,0,,,,,,,0,,,,,,,0,,
Nick Moody,OLB,73,236,4.71,0.252577413,17,-0.495871739,,,118,0.276483629,,,,,0.033189303,0.011063101,6,180,149,,4,0,10,55,65,16.25,,16,0,164,211,375,23.4375,,3,0,0,40,40,13.33333333,,1,0,0,24,24,24,,,,,,0,,
Sean Porter,OLB,73.25,229,4.75,0.119951639,22,0.215120828,35,0.618949138,119,0.382065044,,,,,1.336086648,0.334021662,4,118,104,,,,,,0,,,1,0,0,1,1,1,,,,,,0,,,2,0,0,23,23,11.5,,,,,,0,,
Sio Moore,OLB,72.75,245,4.65,0.451516074,29,1.21051042,38,1.313384413,127,1.226716368,4.31,0.430844308,7.49,-0.658952138,3.974019445,0.662336574,3,66,60,,15,0,577,113,690,46,,11,0,697,63,760,69.09090909,,12,0,69,211,280,23.33333333,,9,0,412,33,445,49.44444444,,,,,,0,,
Trevardo Williams,OLB,73.25,241,4.57,0.716767622,30,1.352708934,38,1.313384413,124,0.909972122,,,,,4.29283309,1.073208272,4,124,107,,,,,,0,,,3,0,15,50,65,21.66666667,,,,,,0,,,,,,,0,,,,,,,0,,
Ty Powell,OLB,74.13,249,4.64,0.484672517,28,1.068311907,37,1.081905988,122,0.698809291,4.4,0.108589497,6.98,0.598815466,4.041104666,0.673517444,7,231,182,,5,0,15,102,117,23.4,,14,0,45,278,323,23.07142857,,,,,,0,,,,,,,0,,,,,,,0,,
Zaviar Gooden,OLB,73.5,234,4.47,1.048332057,27,0.926113394,34,0.387470713,131,1.64904203,4.18,0.896323478,6.71,1.264692432,6.171974104,1.028662351,3,97,86,,9,0,74,175,249,27.66666667,,15,0,157,280,437,29.13333333,,,,,,0,,,8,0,39,151,190,23.75,,,,,,0,,
Braden Brown,OT,77.38,310,5.2,-1.372088319,26,0.783914881,28,-1.001399837,100,-1.62398185,4.7,-0.965593204,7.43,-0.510979478,-4.690127807,-0.781687968,,,,,,,,,0,,,,,,,0,,,,,,,0,,,,,,,0,,,,,,,0,,
Chris Faulk,OT,77.5,331,5.08,-0.974210997,25,0.641716367,,,,,,,,,-0.33249463,-0.166247315,,,,,,,,,0,,,,,,,0,,,,,,,0,,,,,,,0,,,,,,,0,,
D.J. Fluker,OT,76.63,339,5.31,-1.736809198,21,0.072922314,,,,,,,,,-1.663886883,-0.831943442,1,11,11,,15,1045,0,44,1089,72.6,,16,1020,0,47,1067,66.6875,,12,861,0,8,869,72.41666667,,16,991,0,79,1070,66.875,,9,446,0,29,475,52.77777778,
David Bakhtiari,OT,76.25,299,5.18,-1.305775432,28,1.068311907,25.5,-1.580095899,101,-1.518400434,4.74,-1.108817564,7.7,-1.176856445,-5.621633866,-0.936938978,4,109,96,,16,1119,0,80,1199,74.9375,,16,1006,0,91,1097,68.5625,,14,956,0,32,988,70.57142857,,16,1055,0,65,1120,70,,12,754,0,36,790,65.83333333,
David Quessenberry,OT,76.88,302,5.08,-0.974210997,25,0.641716367,29.5,-0.654182199,112,-0.357004864,4.45,-0.070440953,7.49,-0.658952138,-2.073074783,-0.345512464,6,176,146,,,,,,0,,,,,,,0,,,,,,,0,,,,,,,0,,,2,28,0,4,32,16,
Emmett Cleary,OT,78.88,316,5.21,-1.405244763,24,0.499517854,28.5,-0.885660624,108,-0.779330526,4.7,-0.965593204,7.81,-1.448139653,-4.984450915,-0.830741819,,,,,,,,,0,,,,,,,0,,,,,,,0,,,13,76,0,61,137,10.53846154,,7,60,0,51,111,15.85714286,
Eric Fisher,OT,79.25,306,5.05,-0.874741667,27,0.926113394,28.5,-0.885660624,116,0.065320798,4.44,-0.034634863,7.59,-0.905573236,-1.709176198,-0.2848627,1,1,1,,14,789,0,61,850,60.71428571,,16,1006,0,69,1075,67.1875,,16,826,0,77,903,56.4375,,16,1022,0,75,1097,68.5625,,16,961,0,86,1047,65.4375,
Jason Weaver,OT,76.38,313,5.44,-2.167842963,23,0.357319341,21,-2.621748811,94,-2.257470342,5.07,-2.290418535,8.23,-2.483948268,-11.46410958,-1.91068493,,,,,,,,,0,,,,,,,0,,,,,,,0,,,,,,,0,,,,,,,0,,
John Wetzel,OT,79,315,5.46,-2.23415585,22,0.215120828,25,-1.695835112,105,-1.096074772,4.81,-1.359460194,7.9,-1.670098642,-7.840503742,-1.306750624,,,,,,,,,0,,,,,,,0,,,,,,,0,,,16,646,0,78,724,45.25,,16,916,0,68,984,61.5,
Jordan Devey,OT,78.63,317,5.25,-1.537870537,21,0.072922314,24,-1.927313536,98,-1.83514468,4.77,-1.216235834,7.91,-1.694760752,-8.138403025,-1.356400504,,,,,,,,,0,,,7,296,0,39,335,47.85714286,,15,388,0,45,433,28.86666667,,1,63,0,4,67,67,,9,147,0,54,201,22.33333333,
Jordan Mills,OT,77,316,5.37,-1.935747859,20,-0.069276199,28.5,-0.885660624,101,-1.518400434,4.88,-1.610102824,8.1,-2.16334084,-8.182528779,-1.363754797,5,163,137,,,,,,0,,,13,813,0,40,853,65.61538462,,10,355,0,43,398,39.8,,16,1033,0,71,1104,69,,16,1023,0,62,1085,67.8125,
Kyle Long,OT,78.13,313,4.94,-0.510020788,,,28,-1.001399837,107,-0.884911941,4.63,-0.714950573,7.83,-1.497463873,-4.608747012,-0.921749402,1,20,19,,16,1058,0,76,1134,70.875,,15,994,0,57,1051,70.06666667,,16,1080,0,68,1148,71.75,,8,430,0,24,454,56.75,,10,447,0,16,463,46.3,
Lane Johnson,OT,78,303,4.72,0.219420969,28,1.068311907,34,0.387470713,118,0.276483629,4.52,-0.321083583,7.31,-0.21503416,1.415569475,0.235928246,1,4,4,,16,1102,0,76,1178,73.625,,12,889,0,67,956,79.66666667,,16,1156,0,15,1171,73.1875,,6,407,0,33,440,73.33333333,,15,964,0,69,1033,68.86666667,
Luke Joeckel,OT,78,306,5.3,-1.703652754,27,0.926113394,28.5,-0.885660624,106,-0.990493357,4.68,-0.893981023,7.4,-0.436993149,-3.984667513,-0.664111252,1,2,2,,5,272,0,6,278,55.6,,16,982,0,47,1029,64.3125,,14,900,0,61,961,68.64285714,,4,221,0,13,234,58.5,,11,702,0,44,746,67.81818182,
Luke Marquardt,OT,80.5,315,5.34,-1.836278528,31,1.494907447,,,,,,,,,-0.341371081,-0.170685541,,,,,,,,,0,,,,,,,0,,,,,,,0,,,,,,,0,,,,,,,0,,
Manase Foketi,OT,76.75,318,5.3,-1.703652754,25,0.641716367,23.5,-2.043052749,102,-1.412819019,5.06,-2.254612445,8.11,-2.188002949,-8.960423548,-1.493403925,,,,,,,,,0,,,,,,,0,,,,,,,0,,,,,,,0,,,,,,,0,,
Menelik Watson,OT,77.13,310,5.29,-1.670496311,,,24.5,-1.811574324,103,-1.307237603,5.01,-2.075581994,8.31,-2.681245147,-9.546135379,-1.909227076,2,42,39,,5,173,0,6,179,35.8,,12,486,0,34,520,43.33333333,,,,,,0,,,10,255,0,30,285,28.5,,7,447,0,33,480,68.57142857,
Nick Becton,OT,77.25,323,5.2,-1.372088319,19,-0.211474712,29.5,-0.654182199,109,-0.67374911,4.57,-0.500114033,7.77,-1.349491214,-4.761099588,-0.793516598,,,,,1,13,0,1,14,14,,,,,,0,,,5,0,0,22,22,4.4,,,,,,0,,,,,,,0,,
Oday Aboushi,OT,77.38,308,5.45,-2.200999407,17,-0.495871739,23.5,-2.043052749,100,-1.62398185,4.84,-1.466878464,7.92,-1.719422862,-9.55020707,-1.591701178,5,141,122,,,,,,0,,,15,722,0,59,781,52.06666667,,7,398,0,26,424,60.57142857,,4,268,0,4,272,68,,8,557,0,39,596,74.5,
Oscar Johnson,OT,77.25,331,5.49,-2.333625181,,,22,-2.390270386,88,-2.890958835,5.06,-2.254612445,8.06,-2.0646924,-11.93415925,-2.386831849,,,,,,,,,0,,,,,,,0,,,,,,,0,,,,,,,0,,,,,,,0,,
Reid Fragel,OT,79.63,308,5.14,-1.173149658,33,1.779304473,30,-0.538442987,113,-0.251423449,4.68,-0.893981023,7.62,-0.979559566,-2.057252209,-0.342875368,7,240,189,,,,,,0,,,,,,,0,,,1,28,0,6,34,34,,,,,,0,,,,,,,0,,
Ricky Wagner,OT,77.88,308,5.17,-1.272618989,20,-0.069276199,31.5,-0.191225349,101,-1.518400434,4.91,-1.717521094,7.94,-1.768747082,-6.537789147,-1.089631524,5,168,140,,16,131,0,67,198,12.375,,15,969,0,73,1042,69.46666667,,16,1128,0,69,1197,74.8125,,15,924,0,68,992,66.13333333,,13,791,0,62,853,65.61538462,
Rogers Gaines,OT,78.25,334,5.24,-1.504714093,28,1.068311907,23,-2.158791961,,,5.24,-2.899122065,,,-5.494316212,-1.373579053,,,,,,,,,0,,,,,,,0,,,,,,,0,,,,,,,0,,,,,,,0,,
Stephane Milhim,OT,75.75,314,5.23,-1.47155765,,,28.5,-0.885660624,104,-1.201656188,4.87,-1.574296734,,,-5.133171196,-1.283292799,,,,,,,,,0,,,,,,,0,,,,,,,0,,,,,,,0,,,,,,,0,,
Tanner Hawkinson,OT,77.25,298,5.07,-0.941054554,,,28.5,-0.885660624,112,-0.357004864,4.51,-0.285277493,7.52,-0.732938467,-3.201936002,-0.6403872,5,156,132,,1,5,0,1,6,6,,3,5,0,5,10,3.333333333,,,,,,0,,,,,,,0,,,,,,,0,,
Terron Armstead,OT,76.75,306,4.71,0.252577413,31,1.494907447,34.5,0.503209925,112,-0.357004864,4.72,-1.037205384,7.62,-0.979559566,-0.123075028,-0.020512505,3,75,68,,6,137,0,27,164,27.33333333,,14,836,0,35,871,62.21428571,,13,928,0,12,940,72.30769231,,7,398,0,9,407,58.14285714,,10,541,0,0,541,54.1,
Vinston Painter,OT,76.25,306,4.95,-0.543177231,32,1.63710596,30.5,-0.422703774,97,-1.940726096,4.56,-0.464307943,7.71,-1.201518555,-2.935327639,-0.489221273,6,173,144,,,,,,0,,,3,0,0,9,9,3,,,,,,0,,,5,10,0,28,38,7.6,,6,2,0,28,30,5,
Dylan Breeding,P,73.25,213,4.74,0.153108082,11,-1.349062818,29,-0.769921412,110,-0.568167695,,,,,-2.534043843,-0.633510961,,,,,,,,,0,,,,,,,0,,,,,,,0,,,,,,,0,,,,,,,0,,
Josh Hubner,P,75.63,232,5.06,-0.90789811,13,-1.064665792,,,,,,,,,-1.972563902,-0.986281951,,,,,,,,,0,,,,,,,0,,,,,,,0,,,,,,,0,,,,,,,0,,
Brad Sorensen,QB,76.5,229,4.97,-0.609490119,,,29,-0.769921412,112,-0.357004864,4.55,-0.428501853,7.17,0.130235378,-2.034682869,-0.406936574,7,221,173,,,,,,0,,,,,,,0,,,,,,,0,,,,,,,0,,,,,,,0,,
Colby Cameron,QB,74.13,212,4.78,0.020482308,,,30.5,-0.422703774,112,-0.357004864,4.28,0.538262578,6.98,0.598815466,0.377851713,0.075570343,,,,,,,,,0,,,,,,,0,,,,,,,0,,,,,,,0,,,,,,,0,,
Collin Klein,QB,76.88,226,4.78,0.020482308,,,29,-0.769921412,111,-0.462586279,4.4,0.108589497,7.17,0.130235378,-0.973200508,-0.194640102,,,,,,,,,0,,,,,,,0,,,,,,,0,,,,,,,0,,,,,,,0,,
E.J. Manuel,QB,76.63,237,4.65,0.451516074,,,34,0.387470713,118,0.276483629,4.21,0.788905208,7.08,0.352194367,2.25656999,0.451313998,1,16,15,,,,,,0,,,,,,,0,,,,,,,0,,,,,,,0,,,,,,,0,,
Geno Smith,QB,74.38,218,4.58,0.683611178,,,33.5,0.2717315,124,0.909972122,,,,,1.8653148,0.6217716,2,39,37,,16,985,0,0,985,61.5625,,14,816,0,0,816,58.28571429,,1,65,0,0,65,65,,2,33,0,0,33,16.5,,2,66,0,0,66,33,
James Vandenberg,QB,74.75,226,4.92,-0.443707901,,,32,-0.075486137,116,0.065320798,4.52,-0.321083583,6.95,0.672801795,-0.102155028,-0.020431006,,,,,,,,,0,,,,,,,0,,,,,,,0,,,,,,,0,,,,,,,0,,
Landry Jones,QB,76.13,225,5.11,-1.073680328,,,31,-0.306964562,115,-0.040260618,4.3,0.466650398,7.12,0.253545928,-0.700709182,-0.140141836,4,115,101,,,,,,0,,,,,,,0,,,7,109,0,1,110,15.71428571,,8,161,0,0,161,20.125,,3,70,0,0,70,23.33333333,
Matt Barkley,QB,74,230,4.91,-0.410551457,,,,,,,,,,,-0.410551457,-0.410551457,4,98,87,,3,76,0,0,76,25.33333333,,1,6,0,0,6,6,,,,,,0,,,7,412,0,0,412,58.85714286,,,,,,0,,
Matt Scott,QB,74.13,213,4.69,0.3188903,,,31,-0.306964562,118,0.276483629,3.99,1.576639188,6.69,1.314016652,3.179065207,0.635813041,,,,,,,,,0,,,,,,,0,,,,,,,0,,,,,,,0,,,,,,,0,,
Mike Glennon,QB,79.13,225,4.94,-0.510020788,,,26.5,-1.348617474,102,-1.412819019,4.52,-0.321083583,7.49,-0.658952138,-4.251493001,-0.8502986,3,73,66,,13,842,0,0,842,64.76923077,,6,364,0,0,364,60.66666667,,,,,,0,,,2,15,0,0,15,7.5,,4,264,0,0,264,66,
Ryan Nassib,QB,74.13,227,5.06,-0.90789811,,,28.5,-0.885660624,105,-1.096074772,4.53,-0.356889673,7.34,-0.28902049,-3.535543669,-0.707108734,4,110,97,,,,,,0,,,4,19,0,0,19,4.75,,1,6,0,0,6,6,,,,,,0,,,,,,,0,,
Tyler Bray,QB,78.13,232,5.05,-0.874741667,,,,,100,-1.62398185,4.51,-0.285277493,7.2,0.056249049,-2.72775196,-0.68193799,,,,,,,,,0,,,,,,,0,,,,,,,0,,,,,,,0,,,1,4,0,0,4,4,
Tyler Wilson,QB,74,215,4.95,-0.543177231,,,28.5,-0.885660624,112,-0.357004864,4.39,0.144395587,7.22,0.006924829,-1.634522303,-0.326904461,4,112,99,,,,,,0,,,,,,,0,,,,,,,0,,,,,,,0,,,,,,,0,,
Zac Dysert,QB,75,227,4.81,-0.078987022,,,,,,,,,,,-0.078987022,-0.078987022,7,234,185,,,,,,0,,,,,,,0,,,,,,,0,,,,,,,0,,,,,,,0,,
Andre Ellington,RB,69.25,199,4.61,0.584141848,,,34,0.387470713,122,0.698809291,,,,,1.670421851,0.556807284,6,187,153,,15,405,0,5,410,27.33333333,,12,528,0,0,528,44,,10,213,0,0,213,21.3,,16,150,0,74,224,14,,12,315,0,0,315,26.25,
C.J. Anderson,RB,68.13,224,4.6,0.617298291,17,-0.495871739,32,-0.075486137,119,0.382065044,4.12,1.111160018,7.15,0.179559598,1.718725076,0.286454179,,,,,5,21,0,37,58,11.6,,15,496,0,31,527,35.13333333,,15,495,0,2,497,33.13333333,,7,314,0,0,314,44.85714286,,16,618,0,0,618,38.625,
Chris Thompson,RB,67.13,192,4.42,1.214114274,21,0.072922314,,,,,,,,,1.287036589,0.643518294,5,154,131,,4,0,0,37,37,9.25,,2,30,0,1,31,15.5,,13,273,0,100,373,28.69230769,,16,487,0,83,570,35.625,,10,338,0,41,379,37.9,
Christine Michael,RB,70,220,4.54,0.816236952,27,0.926113394,43,2.470776537,125,1.015553537,4.02,1.469220918,6.69,1.314016652,8.011917991,1.335319665,2,62,56,,4,26,0,8,34,8.5,,10,73,0,0,73,7.3,,8,101,0,0,101,12.625,,15,398,0,10,408,27.2,,,,,,0,,
Cierre Wood,RB,71,213,4.56,0.749924065,16,-0.638070252,37.5,1.1976452,124,0.909972122,,,,,2.219471135,0.554867784,,,,,3,3,0,8,11,3.666666667,,,,,,0,,,2,10,0,0,10,5,,,,,,0,,,,,,,0,,
D.J. Harper,RB,69.13,211,4.52,0.882549839,23,0.357319341,33.5,0.2717315,120,0.48764646,4.35,0.287619947,7.07,0.376856477,2.663723565,0.443953927,,,,,,,,,0,,,,,,,0,,,,,,,0,,,,,,,0,,,,,,,0,,
Eddie Lacy,RB,73,220,4.55,0.783080509,,,,,,,,,,,0.783080509,0.783080509,2,61,55,,15,679,0,0,679,45.26666667,,16,687,0,0,687,42.9375,,15,470,0,0,470,31.33333333,,5,166,0,0,166,33.2,,9,137,0,0,137,15.22222222,
George Winn,RB,70.5,218,4.75,0.119951639,22,0.215120828,34.5,0.503209925,119,0.382065044,,,,,1.220347436,0.305086859,,,,,,,,,0,,,12,55,0,154,209,17.41666667,,7,7,0,143,150,21.42857143,,,,,,0,,,,,,,0,,
Giovani Bernard,RB,68.38,202,4.53,0.849393396,19,-0.211474712,33.5,0.2717315,122,0.698809291,4.12,1.111160018,6.91,0.771450235,3.491069728,0.581844955,2,37,35,,16,613,0,3,616,38.5,,13,510,0,1,511,39.30769231,,16,580,0,2,582,36.375,,10,394,0,0,394,39.4,,16,482,0,25,507,31.6875,
Jawan Jamison,RB,67.38,203,4.68,0.352046743,20,-0.069276199,29,-0.769921412,110,-0.568167695,,,,,-1.055318562,-0.263829641,7,228,179,,,,,,0,,,,,,,0,,,,,,,0,,,,,,,0,,,,,,,0,,
Johnathan Franklin,RB,70,205,4.49,0.98201917,18,-0.353673225,31.5,-0.191225349,115,-0.040260618,4.31,0.430844308,6.89,0.820774455,1.64847874,0.274746457,4,125,108,,11,62,0,71,133,12.09090909,,,,,,0,,,,,,,0,,,,,,,0,,,,,,,0,,
Joseph Randle,RB,72,204,4.63,0.517828961,,,35,0.618949138,123,0.804390706,,,,,1.941168805,0.647056268,5,151,129,,13,119,0,51,170,13.07692308,,16,94,0,111,205,12.8125,,6,143,0,0,143,23.83333333,,,,,,0,,,,,,,0,,
Kenjon Barner,RB,69.25,196,4.52,0.882549839,20,-0.069276199,35.5,0.73468835,122,0.698809291,4.2,0.824711298,6.87,0.870098674,3.941581254,0.656930209,6,182,150,,8,24,0,28,52,6.5,,,,,,0,,,11,79,0,77,156,14.18181818,,13,99,1,100,200,15.38461538,,13,77,0,125,202,15.53846154,
Kerwynn Williams,RB,68.13,196,4.48,1.015175613,17,-0.495871739,35,0.618949138,118,0.276483629,4.15,1.003741748,7.15,0.179559598,2.598037987,0.433006331,7,230,181,,2,0,0,9,9,4.5,,5,89,0,3,92,18.4,,6,51,0,51,102,17,,10,51,0,150,201,20.1,,16,240,0,123,363,22.6875,
Knile Davis,RB,71.38,227,4.37,1.379896492,31,1.494907447,33.5,0.2717315,121,0.593227875,4.38,0.180201677,6.96,0.648139685,4.568104677,0.76135078,3,96,85,,16,170,0,30,200,12.5,,16,306,0,49,355,22.1875,,14,79,0,82,161,11.5,,11,59,0,36,95,8.636363636,,,,,,0,,
Le'Veon Bell,RB,73.38,230,4.6,0.617298291,24,0.499517854,31.5,-0.191225349,118,0.276483629,4.24,0.681486938,6.75,1.166043993,3.049605355,0.508267559,2,48,43,,13,677,0,0,677,52.07692308,,16,927,0,4,931,58.1875,,6,301,0,0,301,50.16666667,,12,781,0,5,786,65.5,,15,943,0,2,945,63,
Marcus Lattimore,RB,71,219,4.65,0.451516074,,,,,,,,,,,0.451516074,0.451516074,4,131,112,,,,,,0,,,,,,,0,,,,,,,0,,,,,,,0,,,,,,,0,,
Matthew Tucker,RB,72.38,221,4.55,0.783080509,17,-0.495871739,35.5,0.73468835,118,0.276483629,,,,,1.298380749,0.324595187,,,,,2,0,0,5,5,2.5,,,,,,0,,,,,,,0,,,,,,,0,,,,,,,0,,
Michael Ford,RB,69.5,210,4.5,0.948862726,25,0.641716367,38.5,1.429123625,130,1.543460614,4.25,0.645680848,6.87,0.870098674,6.078942855,1.013157143,,,,,,,,,0,,,,,,,0,,,,,,,0,,,,,,,0,,,,,,,0,,
Miguel Maysonet,RB,69,209,4.54,0.816236952,20,-0.069276199,,,,,4.43,0.001171227,7.21,0.031586939,0.779718919,0.19492973,,,,,,,,,0,,,,,,,0,,,,,,,0,,,,,,,0,,,,,,,0,,
Mike Gillislee,RB,71.13,208,4.55,0.783080509,15,-0.780268765,30.5,-0.422703774,119,0.382065044,4.4,0.108589497,7.12,0.253545928,0.324308439,0.054051406,5,164,138,,3,9,0,30,39,13,,,,,,0,,,5,112,0,14,126,25.2,,15,283,0,164,447,29.8,,9,171,0,0,171,19,
Mike James,RB,70.5,223,4.53,0.849393396,28,1.068311907,35,0.618949138,115,-0.040260618,4.62,-0.679144483,,,1.81724934,0.363449868,6,189,155,,8,155,0,20,175,21.875,,11,49,0,73,122,11.09090909,,,,,,0,,,4,49,0,61,110,27.5,,,,,,0,,
Montee Ball,RB,70.5,214,4.66,0.41835963,15,-0.780268765,32,-0.075486137,118,0.276483629,4.4,0.108589497,6.88,0.845436564,0.793114419,0.132185736,2,58,53,,16,312,0,128,440,27.5,,5,191,0,0,191,38.2,,,,,,0,,,,,,,0,,,,,,,0,,
Montel Harris,RB,68.25,208,4.68,0.352046743,19,-0.211474712,32.5,0.040253076,113,-0.251423449,4.18,0.896323478,6.95,0.672801795,1.498526931,0.249754489,,,,,,,,,0,,,,,,,0,,,,,,,0,,,,,,,0,,,,,,,0,,
Onterio McCalebb,RB,70.25,168,4.34,1.479365822,,,34,0.387470713,121,0.593227875,,,,,2.46006441,0.82002147,,,,,,,,,0,,,1,0,0,5,5,5,,,,,,0,,,,,,,0,,,,,,,0,,
Ray Graham,RB,69.13,199,4.8,-0.045830579,18,-0.353673225,32.5,0.040253076,112,-0.357004864,4.21,0.788905208,7.17,0.130235378,0.202884993,0.033814166,,,,,1,9,0,0,9,9,,,,,,0,,,,,,,0,,,,,,,0,,,,,,,0,,
Rex Burkhead,RB,70.25,214,4.73,0.186264526,21,0.072922314,39,1.544862838,125,1.015553537,4.09,1.218578288,6.85,0.919422894,4.957604397,0.826267399,6,190,156,,1,0,0,17,17,17,,9,34,0,133,167,18.55555556,,16,73,0,299,372,23.25,,16,238,0,209,447,27.9375,,10,195,0,102,297,29.7,
Robbie Rouse,RB,65.75,190,4.8,-0.045830579,15,-0.780268765,34,0.387470713,114,-0.145842033,4.25,0.645680848,6.97,0.623477576,0.684687759,0.114114627,,,,,,,,,0,,,,,,,0,,,,,,,0,,,,,,,0,,,,,,,0,,
Stefphon Jefferson,RB,70.5,213,4.68,0.352046743,15,-0.780268765,31,-0.306964562,117,0.170902213,4.44,-0.034634863,6.97,0.623477576,0.024558342,0.004093057,,,,,,,,,0,,,,,,,0,,,,,,,0,,,,,,,0,,,,,,,0,,
Stepfan Taylor,RB,69.13,214,4.76,0.086795195,17,-0.495871739,30,-0.538442987,110,-0.568167695,4.5,-0.249471403,7.13,0.228883818,-1.53627481,-0.256045802,5,140,121,,16,131,0,138,269,16.8125,,14,208,0,130,338,24.14285714,,16,76,0,272,348,21.75,,15,11,0,269,280,18.66666667,,,,,,0,,
Theo Riddick,RB,70.13,201,4.68,0.352046743,,,32,-0.075486137,118,0.276483629,,,,,0.553044235,0.184348078,6,199,163,,14,48,0,249,297,21.21428571,,14,172,0,101,273,19.5,,16,470,0,106,576,36,,10,423,0,0,423,42.3,,16,469,0,0,469,29.3125,
Zac Stacy,RB,68.38,216,4.55,0.783080509,27,0.926113394,33,0.155992288,122,0.698809291,4.17,0.932129568,6.7,1.289354542,4.785479591,0.797579932,5,160,134,,14,566,0,0,566,40.42857143,,13,175,0,6,181,13.92307692,,8,140,0,48,188,23.5,,,,,,0,,,,,,,0,,
Earl Wolff,SS,71,209,4.44,1.147801387,,,39,1.544862838,134,1.965786276,4.07,1.290190468,,,5.948640969,1.487160242,5,136,117,,11,0,524,79,603,54.81818182,,7,0,76,131,207,29.57142857,,,,,,0,,,,,,,0,,,,,,,0,,
J.J. Wilcox,SS,72,213,4.57,0.716767622,17,-0.495871739,35,0.618949138,124,0.909972122,4.09,1.218578288,7.02,0.500167026,3.468562457,0.578093743,3,80,71,,13,0,515,162,677,52.07692308,,16,16,971,211,1198,74.875,,16,5,823,254,1082,67.625,,13,8,555,127,690,53.07692308,,12,0,134,73,207,17.25,
Jawanza Starling,SS,72.75,202,4.64,0.484672517,17,-0.495871739,36,0.850427563,122,0.698809291,4.34,0.323426037,6.68,1.338678762,3.200142431,0.533357072,,,,,2,0,0,44,44,22,,,,,,0,,,,,,,0,,,,,,,0,,,,,,,0,,
Johnathan Cyprien,SS,72.25,217,4.56,0.749924065,,,38.5,1.429123625,,,,,,,2.17904769,1.089523845,,,,,15,0,1045,62,1107,73.8,,15,0,985,96,1081,72.06666667,,14,0,1014,115,1129,80.64285714,,16,0,1070,140,1210,75.625,,10,0,605,0,605,60.5,
Keelan Johnson,SS,71.63,209,4.54,0.816236952,12,-1.206864305,36.5,0.966166775,125,1.015553537,4.07,1.290190468,6.77,1.116719773,3.998003201,0.666333867,,,,,2,0,12,11,23,11.5,,,,,,0,,,,,,,0,,,,,,,0,,,,,,,0,,
Robert Lester,SS,73.25,220,4.66,0.41835963,,,33.5,0.2717315,117,0.170902213,,,,,0.860993344,0.286997781,,,,,12,0,295,97,392,32.66666667,,1,0,16,0,16,16,,,,,,0,,,,,,,0,,,,,,,0,,
Shamarko Thomas,SS,68.88,213,4.42,1.214114274,28,1.068311907,40.5,1.892080475,133,1.860204861,4.26,0.609874758,,,6.644586275,1.328917255,4,111,98,,14,0,190,237,427,30.5,,11,0,2,165,167,15.18181818,,15,0,20,286,306,20.4,,8,0,5,126,131,16.375,,12,0,6,177,183,15.25,
Shawn Williams,SS,71.88,213,4.46,1.0814885,25,0.641716367,36,0.850427563,120,0.48764646,4.25,0.645680848,7.01,0.524829136,4.231788874,0.705298146,3,84,75,,16,0,11,377,388,24.25,,16,0,27,372,399,24.9375,,16,0,473,270,743,46.4375,,15,0,912,35,947,63.13333333,,11,0,578,12,590,53.63636364,
Chris Gragg,TE,74.75,244,4.5,0.948862726,18,-0.353673225,37.5,1.1976452,125,1.015553537,4.51,-0.285277493,7.08,0.352194367,2.875305112,0.479217519,7,222,174,,9,51,0,50,101,11.22222222,,10,213,0,20,233,23.3,,13,347,0,106,453,34.84615385,,,,,,0,,,,,,,0,,
Chris Pantale,TE,77.13,254,4.99,-0.675803006,17,-0.495871739,33.5,0.2717315,110,-0.568167695,4.5,-0.249471403,7.48,-0.634290028,-2.351872369,-0.391978728,,,,,,,,,0,,,5,2,0,57,59,11.8,,,,,,0,,,,,,,0,,,,,,,0,,
Dion Sims,TE,76.88,262,4.75,0.119951639,22,0.215120828,35,0.618949138,112,-0.357004864,4.52,-0.321083583,7.36,-0.338344709,-0.062411552,-0.010401925,4,106,93,,15,279,0,14,293,19.53333333,,14,507,0,28,535,38.21428571,,13,457,0,24,481,37,,14,701,0,57,758,54.14285714,,14,580,0,41,621,44.35714286,
Gavin Escobar,TE,77.88,254,4.84,-0.178456353,,,32,-0.075486137,114,-0.145842033,4.31,0.430844308,7.07,0.376856477,0.407916262,0.081583252,2,47,42,,16,197,0,127,324,20.25,,16,261,0,156,417,26.0625,,14,237,0,159,396,28.28571429,,16,167,0,160,327,20.4375,,2,20,0,0,20,10,
Jake Stoneburner,TE,75.38,252,4.65,0.451516074,18,-0.353673225,34.5,0.503209925,116,0.065320798,4.27,0.574068668,7.12,0.253545928,1.493988167,0.248998028,,,,,9,9,0,142,151,16.77777778,,,,,,0,,,11,120,0,25,145,13.18181818,,,,,,0,,,,,,,0,,
Jordan Reed,TE,74.5,236,4.72,0.219420969,16,-0.638070252,,,,,,,,,-0.418649283,-0.209324641,3,85,76,,9,378,0,32,410,45.55555556,,11,364,0,0,364,33.09090909,,14,702,0,4,706,50.42857143,,12,566,0,0,566,47.16666667,,6,234,0,0,234,39,
Joseph Fauria,TE,79.38,259,4.82,-0.112143466,17,-0.495871739,,,,,,,,,-0.608015204,-0.304007602,,,,,16,307,0,23,330,20.625,,7,117,0,37,154,22,,,,,,0,,,,,,,0,,,,,,,0,,
Justice Cunningham,TE,74.63,258,4.94,-0.510020788,,,31.5,-0.191225349,116,0.065320798,4.45,-0.070440953,7.12,0.253545928,-0.452820365,-0.090564073,7,254,196,,2,14,0,0,14,7,,,,,,0,,,2,11,0,9,20,10,,,,,,0,,,,,,,0,,
Levine Toilolo,TE,80,260,4.86,-0.24476924,17,-0.495871739,31,-0.306964562,113,-0.251423449,4.57,-0.500114033,7.09,0.327532257,-1.471610765,-0.245268461,4,133,114,,16,192,0,131,323,20.1875,,16,940,0,93,1033,64.5625,,16,522,0,206,728,45.5,,16,570,0,133,703,43.9375,,15,421,0,133,554,36.93333333,
MarQueis Gray,TE,75.25,240,4.73,0.186264526,15,-0.780268765,30,-0.538442987,111,-0.462586279,4.3,0.466650398,7.25,-0.067061501,-1.195444609,-0.199240768,,,,,12,109,0,171,280,23.33333333,,13,157,0,166,323,24.84615385,,4,26,0,74,100,25,,16,253,0,213,466,29.125,,16,127,0,225,352,22,
Matt Furstenburg,TE,75.63,242,4.62,0.550985404,18,-0.353673225,35.5,0.73468835,115,-0.040260618,4.35,0.287619947,7.09,0.327532257,1.506892116,0.251148686,,,,,,,,,0,,,,,,,0,,,,,,,0,,,,,,,0,,,,,,,0,,
Mychal Rivera,TE,75.25,242,4.81,-0.078987022,17,-0.495871739,31,-0.306964562,112,-0.357004864,4.43,0.001171227,7.17,0.130235378,-1.107421581,-0.184570264,6,184,151,,16,592,0,180,772,48.25,,16,820,0,165,985,61.5625,,16,399,0,149,548,34.25,,13,314,0,112,426,32.76923077,,,,,,0,,
Nick Kasa,TE,77.88,269,4.71,0.252577413,22,0.215120828,31.5,-0.191225349,113,-0.251423449,,,,,0.025049442,0.006262361,6,172,143,,16,75,0,59,134,8.375,,,,,,0,,,,,,,0,,,,,,,0,,,,,,,0,,
Philip Lutzenkirchen,TE,75.25,258,4.94,-0.510020788,21,0.072922314,30.5,-0.422703774,112,-0.357004864,4.35,0.287619947,7.15,0.179559598,-0.749627566,-0.124937928,,,,,,,,,0,,,,,,,0,,,,,,,0,,,,,,,0,,,,,,,0,,
Travis Kelce,TE,77,257,4.63,0.517828961,,,,,,,,,,,0.517828961,0.517828961,3,63,57,,1,0,0,1,1,1,,16,668,0,69,737,46.0625,,16,923,0,78,1001,62.5625,,16,886,0,14,900,56.25,,15,872,1,0,873,58.2,
Tyler Eifert,TE,77.5,250,4.68,0.352046743,22,0.215120828,35.5,0.73468835,119,0.382065044,4.32,0.395038218,6.92,0.746788125,2.825747308,0.470957885,1,21,20,,15,673,0,67,740,49.33333333,,1,8,0,0,8,8,,13,750,0,0,750,57.69230769,,8,428,0,0,428,53.5,,2,104,0,0,104,52,
Vance McDonald,TE,76.13,267,4.69,0.3188903,31,1.494907447,33.5,0.2717315,119,0.382065044,4.53,-0.356889673,7.08,0.352194367,2.462898985,0.410483164,2,55,50,,15,479,0,113,592,39.46666667,,8,194,0,59,253,31.625,,14,468,0,107,575,41.07142857,,11,443,0,46,489,44.45454545,,10,271,0,37,308,30.8,
Zach Ertz,TE,77,249,4.76,0.086795195,24,0.499517854,30.5,-0.422703774,111,-0.462586279,4.47,-0.142053133,7.08,0.352194367,-0.08883577,-0.014805962,2,35,33,,16,450,0,167,617,38.5625,,16,588,0,210,798,49.875,,15,789,0,83,872,58.13333333,,14,849,0,137,986,70.42857143,,14,776,0,83,859,61.35714286,
Aaron Mellette,WR,74.38,217,4.54,0.816236952,9,-1.633459845,33.5,0.2717315,123,0.804390706,4.41,0.072783407,7.11,0.278208037,0.609890759,0.10164846,7,238,188,,,,,,0,,,,,,,0,,,,,,,0,,,,,,,0,,,,,,,0,,
Ace Sanders,WR,67,173,4.58,0.683611178,7,-1.917856871,32,-0.075486137,117,0.170902213,4.37,0.216007767,6.81,1.018071333,0.095249484,0.015874914,4,101,89,,15,601,0,62,663,44.2,,12,59,0,63,122,10.16666667,,,,,,0,,,,,,,0,,,,,,,0,,
Alan Bonner,WR,70.25,193,4.59,0.650454735,14,-0.922467278,33,0.155992288,117,0.170902213,4.15,1.003741748,,,1.058623706,0.211724741,6,195,159,,,,,,0,,,,,,,0,,,,,,,0,,,,,,,0,,,,,,,0,,
Alec Lemon,WR,73.25,202,4.59,0.650454735,7,-1.917856871,32,-0.075486137,112,-0.357004864,4.29,0.502456488,7.04,0.450842807,-0.746593843,-0.124432307,,,,,,,,,0,,,,,,,0,,,,,,,0,,,,,,,0,,,,,,,0,,
Brandon Kaufman,WR,77,216,4.67,0.385203187,9,-1.633459845,33.5,0.2717315,115,-0.040260618,4.44,-0.034634863,7.11,0.278208037,-0.7732126,-0.128868767,,,,,,,,,0,,,,,,,0,,,,,,,0,,,,,,,0,,,,,,,0,,
Chris Harper,WR,72.75,229,4.55,0.783080509,20,-0.069276199,35.5,0.73468835,116,0.065320798,4.39,0.144395587,6.89,0.820774455,2.4789835,0.413163917,4,123,106,,4,2,0,18,20,5,,,,,,0,,,5,67,0,9,76,15.2,,9,230,0,2,232,25.77777778,,,,,,0,,
Cobi Hamilton,WR,73.75,212,4.56,0.749924065,11,-1.349062818,29.5,-0.654182199,107,-0.884911941,4.31,0.430844308,,,-1.707388586,-0.341477717,6,197,161,,,,,,0,,,,,,,0,,,,,,,0,,,11,384,0,57,441,40.09090909,,3,53,0,15,68,22.66666667,
Conner Vernon,WR,72.25,196,4.68,0.352046743,,,32.5,0.040253076,125,1.015553537,4.22,0.753099118,6.93,0.722126015,2.883078489,0.576615698,,,,,,,,,0,,,,,,,0,,,,,,,0,,,,,,,0,,,,,,,0,,
Cordarrelle Patterson,WR,73.88,216,4.42,1.214114274,,,37,1.081905988,128,1.332297783,,,,,3.628318045,1.209439348,1,29,28,,16,436,0,100,536,33.5,,16,566,0,75,641,40.0625,,16,57,0,70,127,7.9375,,16,531,0,124,655,40.9375,,16,430,0,157,587,36.6875,
Corey Fuller,WR,74.25,204,4.43,1.180957831,12,-1.206864305,31.5,-0.191225349,120,0.48764646,,,,,0.270514636,0.067628659,6,171,142,,,,,,0,,,16,410,0,88,498,31.125,,12,169,0,136,305,25.41666667,,,,,,0,,,,,,,0,,
DaRick Rogers,WR,74.5,217,4.52,0.882549839,10,-1.491261331,39.5,1.66060205,132,1.754623445,4.06,1.325996558,6.71,1.264692432,5.397202994,0.899533832,,,,,,,,,0,,,,,,,0,,,,,,,0,,,,,,,0,,,,,,,0,,
Darius Johnson,WR,69,179,4.6,0.617298291,6,-2.060055384,32,-0.075486137,109,-0.67374911,4.53,-0.356889673,,,-2.548882013,-0.509776403,,,,,10,401,0,16,417,41.7,,,,,,0,,,,,,,0,,,,,,,0,,,,,,,0,,
DeAndre Hopkins,WR,73,214,4.57,0.716767622,15,-0.780268765,36,0.850427563,115,-0.040260618,4.5,-0.249471403,,,0.497194399,0.09943888,1,27,26,,16,995,0,0,995,62.1875,,16,1055,1,3,1059,66.1875,,16,1148,0,2,1150,71.875,,16,1085,0,2,1087,67.9375,,15,1021,1,0,1022,68.13333333,
Denard Robinson,WR,70.5,199,4.43,1.180957831,,,36.5,0.966166775,123,0.804390706,4.22,0.753099118,7.09,0.327532257,4.032146687,0.806429337,5,135,116,,16,52,0,179,231,14.4375,,13,391,0,78,469,36.07692308,,13,254,0,106,360,27.69230769,,13,101,0,134,235,18.07692308,,,,,,0,,
Josh Boyce,WR,71.13,206,4.38,1.346740048,22,0.215120828,34,0.387470713,131,1.64904203,4.1,1.182772198,6.68,1.338678762,6.119824579,1.019970763,4,102,90,,9,179,0,21,200,22.22222222,,1,10,0,0,10,10,,,,,,0,,,,,,,0,,,,,,,0,,
Justin Hunter,WR,76,196,4.44,1.147801387,,,39.5,1.66060205,136,2.176949107,4.33,0.359232128,,,5.344584672,1.336146168,2,34,32,,14,334,0,0,334,23.85714286,,12,593,0,0,593,49.41666667,,9,375,0,0,375,41.66666667,,13,303,0,4,307,23.61538462,,7,66,0,0,66,9.428571429,
Kenbrell Thompkins,WR,72.63,193,4.54,0.816236952,8,-1.775658358,33.5,0.2717315,121,0.593227875,4.21,0.788905208,6.88,0.845436564,1.539879742,0.256646624,,,,,12,575,0,2,577,48.08333333,,14,393,0,43,436,31.14285714,,7,281,0,13,294,42,,,,,,0,,,,,,,0,,
Kenny Stills,WR,72.5,194,4.38,1.346740048,16,-0.638070252,33.5,0.2717315,124,0.909972122,4.35,0.287619947,,,2.177993366,0.435598673,5,144,124,,16,690,0,0,690,43.125,,15,617,0,2,619,41.26666667,,16,594,0,1,595,37.1875,,16,795,0,0,795,49.6875,,16,939,0,0,939,58.6875,
Lanear Sampson,WR,71.13,204,4.46,1.0814885,20,-0.069276199,33.5,0.2717315,119,0.382065044,4.38,0.180201677,7.1,0.302870147,2.149080671,0.358180112,,,,,,,,,0,,,,,,,0,,,,,,,0,,,,,,,0,,,,,,,0,,
Marcus Davis,WR,75,233,4.56,0.749924065,19,-0.211474712,39.5,1.66060205,120,0.48764646,,15.86326911,7.15,0.179559598,18.72952657,3.121587762,,,,,,,,,0,,,,,,,0,,,,,,,0,,,,,,,0,,,,,,,0,,
Mark Harrison,WR,74.88,231,4.46,1.0814885,17,-0.495871739,38.5,1.429123625,129,1.437879199,4.33,0.359232128,6.99,0.574153356,4.386005069,0.731000845,,,,,,,,,0,,,,,,,0,,,,,,,0,,,,,,,0,,,,,,,0,,
Markus Wheaton,WR,71,189,4.45,1.114644944,20,-0.069276199,37,1.081905988,120,0.48764646,4.02,1.469220918,6.8,1.042733443,5.126875554,0.854479259,3,79,70,,12,159,0,126,285,23.75,,16,746,0,47,793,49.5625,,16,697,0,21,718,44.875,,3,97,0,2,99,33,,11,187,0,0,187,17,
Marquess Wilson,WR,74.63,194,4.51,0.915706283,7,-1.917856871,34.5,0.503209925,122,0.698809291,4.33,0.359232128,6.65,1.412665091,1.971765847,0.328627641,7,236,187,,,,,,0,,,7,373,0,1,374,53.42857143,,11,638,0,1,639,58.09090909,,3,80,0,0,80,26.66666667,,,,,,0,,
Marquise Goodwin,WR,68.88,183,4.27,1.711460927,13,-1.064665792,,,132,1.754623445,,,,,2.401418581,0.80047286,3,78,69,,12,313,0,72,385,32.08333333,,10,90,0,80,170,17,,2,30,0,12,42,21,,15,640,0,1,641,42.73333333,,16,769,0,1,770,48.125,
Quinton Patton,WR,72,204,4.53,0.849393396,8,-1.775658358,33,0.155992288,118,0.276483629,4.01,1.505027008,6.91,0.771450235,1.782688198,0.2971147,4,128,111,,6,60,0,8,68,11.33333333,,4,86,0,22,108,27,,16,424,0,224,648,40.5,,14,703,0,52,755,53.92857143,,,,,,0,,
Robert Woods,WR,73,201,4.51,0.915706283,14,-0.922467278,33.5,0.2717315,117,0.170902213,4.47,-0.142053133,7.15,0.179559598,0.473379183,0.078896531,,,,,14,910,0,45,955,68.21428571,,16,899,0,89,988,61.75,,14,774,3,43,820,58.57142857,,13,634,0,0,634,48.76923077,,12,645,0,1,646,53.83333333,
Rodney Smith,WR,76.38,225,4.51,0.915706283,,,34.5,0.503209925,120,0.48764646,4.07,1.290190468,7.03,0.475504916,3.672258053,0.734451611,,,,,4,3,0,26,29,7.25,,4,15,0,10,25,6.25,,,,,,0,,,,,,,0,,,,,,,0,,
Ryan Spadola,WR,73.25,204,4.48,1.015175613,15,-0.780268765,33.5,0.2717315,119,0.382065044,4.07,1.290190468,6.72,1.240030322,3.418924184,0.569820697,,,,,4,24,0,28,52,13,,,,,,0,,,,,,,0,,,,,,,0,,,,,,,0,,
Ryan Swope,WR,72.13,205,4.34,1.479365822,16,-0.638070252,37,1.081905988,125,1.015553537,4.25,0.645680848,6.76,1.141381883,4.725817826,0.787636304,6,174,145,,,,,,0,,,,,,,0,,,,,,,0,,,,,,,0,,,,,,,0,,
Stedman Bailey,WR,70.25,193,4.52,0.882549839,11,-1.349062818,34.5,0.503209925,117,0.170902213,4.09,1.218578288,6.81,1.018071333,2.444248782,0.407374797,3,92,81,,16,188,0,237,425,26.5625,,14,395,0,125,520,37.14285714,,8,252,0,77,329,41.125,,,,,,0,,,,,,,0,,
T.J. Moe,WR,71.5,204,4.74,0.153108082,26,0.783914881,36,0.850427563,120,0.48764646,3.96,1.684057459,6.53,1.70861041,5.667764854,0.944627476,,,,,,,,,0,,,,,,,0,,,,,,,0,,,,,,,0,,,,,,,0,,
Tavarres King,WR,72.25,189,4.47,1.048332057,11,-1.349062818,36.5,0.966166775,123,0.804390706,4.33,0.359232128,6.91,0.771450235,2.600509082,0.43341818,5,161,135,,,,,,0,,,2,55,0,2,57,28.5,,,,,,0,,,7,76,0,9,85,12.14285714,,8,393,0,2,395,49.375,
Tavon Austin,WR,68.5,174,4.34,1.479365822,14,-0.922467278,32,-0.075486137,120,0.48764646,4.01,1.505027008,,,2.474085875,0.494817175,1,8,8,,13,423,0,98,521,40.07692308,,15,510,0,77,587,39.13333333,,16,741,0,88,829,51.8125,,15,731,0,91,822,54.8,,16,228,0,33,261,16.3125,
Terrance Williams,WR,74,208,4.52,0.882549839,11,-1.349062818,32.5,0.040253076,119,0.382065044,4.32,0.395038218,7.01,0.524829136,0.875672495,0.145945416,3,74,67,,16,679,0,39,718,44.875,,16,811,0,4,815,50.9375,,16,791,0,3,794,49.625,,16,746,0,3,749,46.8125,,16,687,0,0,687,42.9375,
Tyrone Goard,WR,75.75,205,4.5,0.948862726,10,-1.491261331,36,0.850427563,123,0.804390706,4.39,0.144395587,6.9,0.796112345,2.052927596,0.342154599,,,,,,,,,0,,,,,,,0,,,,,,,0,,,,,,,0,,,,,,,0,,