,PlayerName,,,,Games,Games,Receiving,Receiving,Receiving,Receiving,Receiving,Receiving,Receiving,Receiving,Receiving,Receiving,Receiving,Receiving,Rushing,Rushing,Rushing,Rushing,Rushing,Rushing,Rushing,Rushing,Rushing,Total Yds,Total Yds,Total Yds,,,-additional
Rk,Player,Tm,Age,Pos,G,GS,Tgt,Rec,Yds,Y/R,TD,1D,Succ%,Lng,R/G,Y/G,Ctch%,Y/Tgt,Att,Yds,TD,1D,Succ%,Lng,Y/A,Y/G,A/G,Touch,Y/Tch,YScm,RRTD,Fmb,-9999
1,DeMarco Murray*+,DAL,26,RB,16,16,64,57,416,7.3,0,17,54.7,34,3.6,26.0,89.1%,6.5,392,1845,13,89,53.1,51,4.7,115.3,24.5,449,5.0,2261,13,5,MurrDe00
2,Le'Veon Bell*+,PIT,22,RB,16,16,105,83,854,10.3,3,41,60.0,48,5.2,53.4,79.0%,8.1,290,1361,8,75,49.3,81,4.7,85.1,18.1,373,5.9,2215,11,,BellLe00
3,Matt Forte,CHI,29,RB,16,16,130,102,808,7.9,4,28,46.2,56,6.4,50.5,78.5%,6.2,266,1038,6,65,48.9,32,3.9,64.9,16.6,368,5.0,1846,10,2,FortMa00
4,Antonio Brown*+,PIT,26,WR,16,16,181,129,1698,13.2,13,87,60.2,63,8.1,106.1,71.3%,9.4,4,13,0,0,50.0,9,3.3,0.8,0.3,133,12.9,1711,13,2,BrowAn04
5,Marshawn Lynch*,SEA,28,RB,16,14,48,37,367,9.9,4,16,45.8,39,2.3,22.9,77.1%,7.6,280,1306,13,67,52.1,79,4.7,81.6,17.5,317,5.3,1673,17,3,LyncMa00
6,Demaryius Thomas*,DEN,27,WR,16,16,184,111,1619,14.6,11,69,50.5,86,6.9,101.2,60.3%,8.8,,,0,0,,,,,,111,14.6,1619,11,,ThomDe03
7,Julio Jones*,ATL,25,WR,15,15,163,104,1593,15.3,6,76,55.8,79,6.9,106.2,63.8%,9.8,1,1,0,1,0.0,1,1.0,0.1,0.1,105,15.2,1594,6,2,JoneJu02
8,Arian Foster*,HOU,28,RB,13,13,59,38,327,8.6,5,15,35.6,56,2.9,25.2,64.4%,5.5,260,1246,8,55,45.0,51,4.8,95.8,20.0,298,5.3,1573,13,2,FostAr00
9,Eddie Lacy,GNB,24,RB,16,16,55,42,427,10.2,4,18,52.7,67,2.6,26.7,76.4%,7.8,246,1139,9,60,45.9,44,4.6,71.2,15.4,288,5.4,1566,13,3,LacyEd00
10,Justin Forsett*,BAL,29,RB,16,14,59,44,263,6.0,0,10,39.0,26,2.8,16.4,74.6%,4.5,235,1266,8,57,42.6,52,5.4,79.1,14.7,279,5.5,1529,8,1,ForsJu00
11,Jordy Nelson*,GNB,29,WR,16,16,151,98,1519,15.5,13,71,58.9,80,6.1,94.9,64.9%,10.1,,,0,0,,,,,,98,15.5,1519,13,,NelsJo00
12,LeSean McCoy*,PHI,26,RB,16,16,37,28,155,5.5,0,10,43.2,18,1.8,9.7,75.7%,4.2,312,1319,5,68,44.6,53,4.2,82.4,19.5,340,4.3,1474,5,4,McCoLe01
13,Emmanuel Sanders*,DEN,27,WR,16,16,141,101,1404,13.9,9,69,63.8,48,6.3,87.8,71.6%,10.0,8,44,0,3,62.5,13,5.5,2.8,0.5,109,13.3,1448,9,1,SandEm00
14,Lamar Miller,MIA,23,RB,16,16,52,38,275,7.2,1,10,46.2,20,2.4,17.2,73.1%,5.3,216,1099,8,57,54.6,97,5.1,68.7,13.5,254,5.4,1374,9,3,MillLa01
15,T.Y. Hilton*,IND,25,WR,15,15,131,82,1345,16.4,7,64,56.5,73,5.5,89.7,62.6%,10.3,2,20,0,1,100.0,15,10.0,1.3,0.1,84,16.3,1365,7,3,HiltT.00
16,Golden Tate*,DET,26,WR,16,16,144,99,1331,13.4,4,61,54.2,73,6.2,83.2,68.8%,9.2,5,30,0,1,60.0,13,6.0,1.9,0.3,104,13.1,1361,4,1,TateGo00
17,Odell Beckham Jr.*,NYG,22,WR,12,11,130,91,1305,14.3,12,58,60.8,80,7.6,108.8,70.0%,10.0,7,35,0,2,57.1,13,5.0,2.9,0.6,98,13.7,1340,12,1,BeckOd00
18,Jeremy Hill,CIN,22,RB,16,8,32,27,215,8.0,0,7,46.9,38,1.7,13.4,84.4%,6.7,222,1124,9,61,52.3,85,5.1,70.3,13.9,249,5.4,1339,9,5,HillJe01
19,Jamaal Charles*,KAN,28,RB,15,15,59,40,291,7.3,5,16,37.3,30,2.7,19.4,67.8%,4.9,206,1033,9,51,52.9,63,5.0,68.9,13.7,246,5.4,1324,14,5,CharJa00
20,Randall Cobb*,GNB,24,WR,16,16,127,91,1287,14.1,12,71,63.0,70,5.7,80.4,71.7%,10.1,11,37,0,1,36.4,12,3.4,2.3,0.7,102,13.0,1324,12,3,CobbRa00
21,Dez Bryant*+,DAL,26,WR,16,16,136,88,1320,15.0,16,60,55.1,68,5.5,82.5,64.7%,9.7,,,0,0,,,,,,88,15.0,1320,16,,BryaDe01
22,Jeremy Maclin,PHI,26,WR,16,16,143,85,1318,15.5,10,56,52.4,72,5.3,82.4,59.4%,9.2,,,0,0,,,,,,85,15.5,1318,10,,MaclJe00
23,Alfred Morris*,WAS,26,RB,16,16,26,17,155,9.1,0,8,38.5,26,1.1,9.7,65.4%,6.0,265,1074,8,53,46.0,30,4.1,67.1,16.6,282,4.4,1229,8,2,MorrAl00
24,Frank Gore,SFO,31,RB,16,16,19,11,111,10.1,1,2,26.3,55,0.7,6.9,57.9%,5.8,255,1106,4,55,48.2,52,4.3,69.1,15.9,266,4.6,1217,5,2,GoreFr00
25,DeAndre Hopkins,HOU,22,WR,16,16,127,76,1210,15.9,6,57,53.5,76,4.8,75.6,59.8%,9.5,,,0,0,,,,,,76,15.9,1210,6,2,HopkDe00
26,Joique Bell,DET,28,RB,15,6,53,34,322,9.5,1,14,43.4,28,2.3,21.5,64.2%,6.1,223,860,7,45,43.5,57,3.9,57.3,14.9,257,4.6,1182,8,5,BellJo01
27,DeSean Jackson,WAS,28,WR,15,13,95,56,1169,20.9,6,37,49.5,81,3.7,77.9,58.9%,12.3,4,7,0,1,50.0,9,1.8,0.5,0.3,60,19.6,1176,6,,JackDe00
28,C.J. Anderson*,DEN,23,RB,15,7,44,34,324,9.5,2,14,54.5,51,2.3,21.6,77.3%,7.4,179,849,8,47,50.3,27,4.7,56.6,11.9,213,5.5,1173,10,1,AndeC.00
29,Alshon Jeffery,CHI,24,WR,16,16,145,85,1133,13.3,10,60,51.0,74,5.3,70.8,58.6%,7.8,6,33,0,2,66.7,12,5.5,2.1,0.4,91,12.8,1166,10,1,JeffAl00
30,Rob Gronkowski*+,NWE,25,TE,15,10,131,82,1124,13.7,12,60,55.7,46,5.5,74.9,62.6%,8.6,,,0,0,,,,,,82,13.7,1124,12,,GronRo00
31,Mark Ingram*,NOR,25,RB,13,9,36,29,145,5.0,0,5,38.9,14,2.2,11.2,80.6%,4.0,226,964,9,52,49.1,31,4.3,74.2,17.4,255,4.3,1109,9,3,IngrMa01
32,Calvin Johnson*,DET,29,WR,13,13,128,71,1077,15.2,8,59,53.9,67,5.5,82.8,55.5%,8.4,,,0,0,,,,,,71,15.2,1077,8,,JohnCa00
33,Anquan Boldin,SFO,34,WR,16,16,130,83,1062,12.8,5,56,56.2,76,5.2,66.4,63.8%,8.2,1,4,0,0,100.0,4,4.0,0.3,0.1,84,12.7,1066,5,,BoldAn00
34,Julian Edelman,NWE,28,WR,14,13,134,92,972,10.6,4,50,55.2,69,6.6,69.4,68.7%,7.3,10,94,0,7,100.0,25,9.4,6.7,0.7,102,10.5,1066,4,3,EdelJu00
35,Steve Smith Sr.,BAL,35,WR,16,16,134,79,1065,13.5,6,45,47.0,80,4.9,66.6,59.0%,7.9,,,0,0,,,,,,79,13.5,1065,6,2,SmitSt01
36,Andre Ellington,ARI,25,RB,12,12,64,46,395,8.6,2,19,40.6,81,3.8,32.9,71.9%,6.2,201,660,3,31,35.8,22,3.3,55.0,16.8,247,4.3,1055,5,2,ElliAn00
37,Mike Evans,TAM,21,WR,15,15,122,68,1051,15.5,12,46,46.7,56,4.5,70.1,55.7%,8.6,,,0,0,,,,,,68,15.5,1051,12,,EvanMi00
38,A.J. Green*,CIN,26,WR,13,13,117,69,1041,15.1,6,46,53.0,81,5.3,80.1,59.0%,8.9,2,2,0,0,50.0,5,1.0,0.2,0.2,71,14.7,1043,6,3,GreeA.00
39,Giovani Bernard,CIN,23,RB,13,9,59,43,349,8.1,2,14,37.3,46,3.3,26.8,72.9%,5.9,168,680,5,32,36.9,89,4.0,52.3,12.9,211,4.9,1029,7,,BernGi00
40,Fred Jackson,BUF,33,RB,14,9,90,66,501,7.6,1,26,46.7,34,4.7,35.8,73.3%,5.6,141,525,2,24,46.1,38,3.7,37.5,10.1,207,5.0,1026,3,5,JackFr02
41,Kelvin Benjamin,CAR,23,WR,16,15,145,73,1008,13.8,9,52,43.4,51,4.6,63.0,50.3%,7.0,,,0,0,,,,,,73,13.8,1008,9,1,BenjKe00
42,Greg Olsen*,CAR,29,TE,16,16,123,84,1008,12.0,6,55,61.0,38,5.3,63.0,68.3%,8.2,,,0,0,,,,,,84,12.0,1008,6,1,OlseGr00
43,Vincent Jackson,TAM,31,WR,16,16,142,70,1002,14.3,2,50,46.5,50,4.4,62.6,49.3%,7.1,,,0,0,,,,,,70,14.3,1002,2,1,JackVi00
44,Jonathan Stewart,CAR,27,RB,13,8,31,25,181,7.2,1,7,51.6,22,1.9,13.9,80.6%,5.8,175,809,3,42,49.7,69,4.6,62.2,13.5,200,5.0,990,4,2,StewJo00
45,Sammy Watkins,BUF,21,WR,16,16,128,65,982,15.1,6,48,46.9,84,4.1,61.4,50.8%,7.7,2,8,0,1,50.0,5,4.0,0.5,0.1,67,14.8,990,6,1,WatkSa00
46,Brandon LaFell,NWE,28,WR,16,13,119,74,953,12.9,7,50,52.9,56,4.6,59.6,62.2%,8.0,2,13,0,0,100.0,9,6.5,0.8,0.1,76,12.7,966,7,1,LaFeBr00
47,Eric Decker,NYJ,27,WR,15,15,115,74,962,13.0,5,47,53.9,74,4.9,64.1,64.3%,8.4,,,0,0,,,,,,74,13.0,962,5,,DeckEr00
48,Chris Ivory,NYJ,26,RB,16,10,27,18,123,6.8,1,4,40.7,23,1.1,7.7,66.7%,4.6,198,821,6,43,44.4,71,4.1,51.3,12.4,216,4.4,944,7,2,IvorCh00
49,Rueben Randle,NYG,23,WR,16,13,127,71,938,13.2,3,48,48.0,49,4.4,58.6,55.9%,7.4,,,0,0,,,,,,71,13.2,938,3,,RandRu00
50,Andre Johnson,HOU,33,WR,15,15,146,85,936,11.0,3,50,47.3,35,5.7,62.4,58.2%,6.4,,,0,0,,,,,,85,11.0,936,3,3,JohnAn02
51,Kenny Stills,NOR,22,WR,15,7,83,63,931,14.8,3,47,72.3,69,4.2,62.1,75.9%,11.2,1,-2,0,0,0.0,-2,-2.0,-0.1,0.1,64,14.5,929,3,1,StilKe00
52,Roddy White,ATL,33,WR,14,14,125,80,921,11.5,7,55,56.0,39,5.7,65.8,64.0%,7.4,,,0,0,,,,,,80,11.5,921,7,3,WhitRo00
53,Martellus Bennett*,CHI,27,TE,16,15,128,90,916,10.2,6,43,51.6,37,5.6,57.3,70.3%,7.2,,,0,0,,,,,,90,10.2,916,6,,BennMa00
54,Tre Mason,STL,21,RB,12,9,26,16,148,9.3,1,8,46.2,35,1.3,12.3,61.5%,5.7,179,765,4,38,40.8,89,4.3,63.8,14.9,195,4.7,913,5,2,MasoTr00
55,Marques Colston,NOR,31,WR,16,13,100,59,902,15.3,5,45,58.0,57,3.7,56.4,59.0%,9.0,,,0,0,,,,,,59,15.3,902,5,1,ColsMa00
56,Delanie Walker,TEN,30,TE,15,14,106,63,890,14.1,4,34,45.3,68,4.2,59.3,59.4%,8.4,,,0,0,,,,,,63,14.1,890,4,2,WalkHu00
57,Jimmy Graham*,NOR,28,TE,16,13,125,85,889,10.5,10,54,62.4,29,5.3,55.6,68.0%,7.1,,,0,0,,,,,,85,10.5,889,10,2,GrahJi00
58,Matt Asiata,MIN,27,RB,15,9,63,44,312,7.1,1,7,38.1,41,2.9,20.8,69.8%,5.0,164,570,9,34,51.2,19,3.5,38.0,10.9,208,4.2,882,10,1,AsiaMa00
59,Mike Wallace,MIA,28,WR,16,16,115,67,862,12.9,10,47,50.4,50,4.2,53.9,58.3%,7.5,4,16,0,1,50.0,12,4.0,1.0,0.3,71,12.4,878,10,2,WallMi00
60,Jordan Matthews,PHI,22,WR,16,10,103,67,872,13.0,8,43,52.4,44,4.2,54.5,65.0%,8.5,,,0,0,,,,,,67,13.0,872,8,,MattJo00
61,Russell Wilson*,SEA,26,QB,16,16,1,1,17,17.0,0,1,100.0,17,0.1,1.1,100.0%,17.0,118,849,6,47,54.2,55,7.2,53.1,7.4,119,7.3,866,6,11,WilsRu00
62,Rashad Jennings,NYG,29,RB,11,9,41,30,226,7.5,0,8,34.1,27,2.7,20.5,73.2%,5.5,167,639,4,39,47.3,18,3.8,58.1,15.2,197,4.4,865,4,1,JennRa00
63,Travis Kelce,KAN,25,TE,16,11,87,67,862,12.9,5,46,69.0,34,4.2,53.9,77.0%,9.9,,,0,0,,,,,,67,12.9,862,5,4,KelcTr00
64,Malcom Floyd,SDG,33,WR,16,16,92,52,856,16.5,6,39,50.0,59,3.3,53.5,56.5%,9.3,,,0,0,,,,,,52,16.5,856,6,,FloyMa00
65,Steven Jackson,ATL,31,RB,15,15,27,20,148,7.4,0,6,48.1,17,1.3,9.9,74.1%,5.5,190,707,6,38,50.0,55,3.7,47.1,12.7,210,4.1,855,6,,JackSt00
66,Branden Oliver,SDG,23,RB,14,7,45,36,271,7.5,1,11,46.7,50,2.6,19.4,80.0%,6.0,160,582,3,31,42.5,52,3.6,41.6,11.4,196,4.4,853,4,,OlivBr01
67,Andre Williams,NYG,22,RB,16,7,37,18,130,7.2,0,6,27.0,24,1.1,8.1,48.6%,3.5,217,721,7,32,35.0,50,3.3,45.1,13.6,235,3.6,851,7,1,WillAn00
68,Michael Floyd,ARI,25,WR,16,14,99,47,841,17.9,6,34,39.4,63,2.9,52.6,47.5%,8.5,1,2,0,0,0.0,2,2.0,0.1,0.1,48,17.6,843,6,3,FloyMi00
69,Mohamed Sanu,CIN,25,WR,16,13,98,56,790,14.1,5,38,49.0,76,3.5,49.4,57.1%,8.1,7,51,0,2,57.1,26,7.3,3.2,0.4,63,13.3,841,5,,SanuMo00
70,Andrew Hawkins,CLE,28,WR,15,15,112,63,824,13.1,2,44,46.4,65,4.2,54.9,56.3%,7.4,3,15,0,0,66.7,8,5.0,1.0,0.2,66,12.7,839,2,,HawkAn00
71,Shane Vereen,NWE,25,RB,16,6,77,52,447,8.6,3,24,41.6,49,3.3,27.9,67.5%,5.8,96,391,2,15,39.6,19,4.1,24.4,6.0,148,5.7,838,5,,VereSh00
72,Doug Baldwin,SEA,26,WR,16,16,98,66,825,12.5,3,43,51.0,49,4.1,51.6,67.3%,8.4,1,8,0,0,100.0,8,8.0,0.5,0.1,67,12.4,833,3,,BaldDo00
73,Antonio Gates,SDG,34,TE,16,14,98,69,821,11.9,12,44,66.3,34,4.3,51.3,70.4%,8.4,,,0,0,,,,,,69,11.9,821,12,1,GateAn00
74,Chris Johnson,NYJ,29,RB,16,6,34,24,151,6.3,1,9,38.2,26,1.5,9.4,70.6%,4.4,155,663,1,22,44.5,47,4.3,41.4,9.7,179,4.5,814,2,1,JohnCh04
75,Eddie Royal,SDG,28,WR,16,11,91,62,778,12.5,7,39,52.7,47,3.9,48.6,68.1%,8.5,3,14,0,1,33.3,15,4.7,0.9,0.2,65,12.2,792,7,1,RoyaEd00
76,Larry Fitzgerald,ARI,31,WR,14,13,103,63,784,12.4,2,39,49.5,80,4.5,56.0,61.2%,7.6,,,0,0,,,,,,63,12.4,784,2,1,FitzLa00
77,Keenan Allen,SDG,22,WR,14,14,121,77,783,10.2,4,41,49.6,35,5.5,55.9,63.6%,6.5,,,0,0,,,,,,77,10.2,783,4,2,AlleKe00
78,Reggie Wayne,IND,36,WR,15,15,116,64,779,12.2,2,40,45.7,80,4.3,51.9,55.2%,6.7,,,0,0,,,,,,64,12.2,779,2,1,WaynRe00
79,Coby Fleener,IND,26,TE,16,12,92,51,774,15.2,8,40,50.0,73,3.2,48.4,55.4%,8.4,,,0,0,,,,,,51,15.2,774,8,,FleeCo00
80,Kendall Wright,TEN,25,WR,14,11,93,57,715,12.5,6,32,44.1,48,4.1,51.1,61.3%,7.7,4,54,0,2,50.0,38,13.5,3.9,0.3,61,12.6,769,6,1,WrigKe01
81,Torrey Smith,BAL,25,WR,16,16,92,49,767,15.7,11,38,45.7,53,3.1,47.9,53.3%,8.3,,,0,0,,,,,,49,15.7,767,11,,SmitTo02
82,Kenny Britt,STL,26,WR,16,13,84,48,748,15.6,3,33,50.0,63,3.0,46.8,57.1%,8.9,2,14,0,1,50.0,12,7.0,0.9,0.1,50,15.2,762,3,,BritKe00
83,Heath Miller,PIT,32,TE,16,16,91,66,761,11.5,3,43,63.7,49,4.1,47.6,72.5%,8.4,,,0,0,,,,,,66,11.5,761,3,1,MillHe00
84,Dwayne Bowe,KAN,30,WR,15,15,95,60,754,12.6,0,42,56.8,37,4.0,50.3,63.2%,7.9,,,0,0,,,,,,60,12.6,754,0,2,BoweDw00
85,Jarvis Landry,MIA,22,WR,16,11,112,84,758,9.0,5,50,52.7,25,5.3,47.4,75.0%,6.8,2,-4,0,0,50.0,4,-2.0,-0.3,0.1,86,8.8,754,5,7,LandJa00
86,Pierre Garcon,WAS,28,WR,16,14,105,68,752,11.1,3,33,45.7,70,4.3,47.0,64.8%,7.2,,,0,0,,,,,,68,11.1,752,3,,GarcPi00
87,Trent Richardson,IND,24,RB,15,12,34,27,229,8.5,0,9,50.0,24,1.8,15.3,79.4%,6.7,159,519,3,27,40.3,27,3.3,34.6,10.6,186,4.0,748,3,2,RichTr00
88,Darren McFadden,OAK,27,RB,16,12,56,36,212,5.9,0,8,33.9,23,2.3,13.3,64.3%,3.8,155,534,2,21,40.6,25,3.4,33.4,9.7,191,3.9,746,2,1,McFaDa00
89,Greg Jennings,MIN,31,WR,16,13,92,59,742,12.6,6,40,52.2,38,3.7,46.4,64.1%,8.1,,,0,0,,,,,,59,12.6,742,6,1,JennGr00
90,Terrance West,CLE,23,RB,14,6,13,11,64,5.8,1,3,38.5,11,0.8,4.6,84.6%,4.9,171,673,4,31,46.2,36,3.9,48.1,12.2,182,4.0,737,5,2,WestTe00
91,Ahmad Bradshaw,IND,28,RB,10,1,47,38,300,7.9,6,20,61.7,22,3.8,30.0,80.9%,6.4,90,425,2,18,53.3,29,4.7,42.5,9.0,128,5.7,725,8,3,BradAh00
92,Brandon Marshall,CHI,30,WR,13,13,106,61,721,11.8,8,41,50.9,47,4.7,55.5,57.5%,6.8,,,0,0,,,,,,61,11.8,721,8,1,MarsBr00
93,Bobby Rainey,TAM,27,RB,15,5,45,33,315,9.5,1,13,46.7,34,2.2,21.0,73.3%,7.0,94,406,1,21,43.6,31,4.3,27.1,6.3,127,5.7,721,2,3,RainBo00
94,Darren Sproles*,PHI,31,RB,15,0,62,40,387,9.7,0,18,41.9,57,2.7,25.8,64.5%,6.2,57,329,6,18,43.9,49,5.8,21.9,3.8,97,7.4,716,6,4,SproDa00
95,Denard Robinson,JAX,24,RB,13,9,31,23,124,5.4,0,7,32.3,19,1.8,9.5,74.2%,4.0,135,582,4,24,38.5,41,4.3,44.8,10.4,158,4.5,706,4,2,RobiDe00
96,Jason Witten*,DAL,32,TE,16,16,90,64,703,11.0,5,48,58.9,34,4.0,43.9,71.1%,7.8,,,0,0,,,,,,64,11.0,703,5,,WittJa00
97,Michael Crabtree,SFO,27,WR,16,16,108,68,698,10.3,4,35,44.4,51,4.3,43.6,63.0%,6.5,1,4,0,0,100.0,4,4.0,0.3,0.1,69,10.2,702,4,,CrabMi00
98,Zach Ertz,PHI,24,TE,16,5,89,58,702,12.1,3,42,58.4,35,3.6,43.9,65.2%,7.9,,,0,0,,,,,,58,12.1,702,3,1,ErtzZa00
99,Bishop Sankey,TEN,22,RB,16,9,23,18,133,7.4,0,5,47.8,18,1.1,8.3,78.3%,5.8,152,569,2,26,44.1,22,3.7,35.6,9.5,170,4.1,702,2,2,SankBi00
100,Robert Woods,BUF,22,WR,16,15,104,65,699,10.8,5,35,47.1,37,4.1,43.7,62.5%,6.7,,,0,0,,,,,,65,10.8,699,5,1,WoodRo02
101,Isaiah Crowell,CLE,21,RB,16,4,14,9,87,9.7,0,4,50.0,19,0.6,5.4,64.3%,6.2,148,607,8,35,42.6,35,4.1,37.9,9.3,157,4.4,694,8,3,CrowIs00
102,Roy Helu,WAS,26,RB,14,0,47,42,477,11.4,2,16,46.8,55,3.0,34.1,89.4%,10.1,40,216,1,10,55.0,18,5.4,15.4,2.9,82,8.5,693,3,2,HeluRo00
103,Andre Holmes,OAK,26,WR,16,13,99,47,693,14.7,4,32,41.4,77,2.9,43.3,47.5%,7.0,,,0,0,,,,,,47,14.7,693,4,,HolmAn00
104,John Brown,ARI,24,WR,16,5,102,48,696,14.5,5,31,36.3,75,3.0,43.5,47.1%,6.8,3,-6,0,0,0.0,2,-2.0,-0.4,0.2,51,13.5,690,5,,BrowJo02
105,Percy Harvin,2TM,26,WR,13,12,78,51,483,9.5,1,46,48.7,45,3.9,37.2,65.4%,6.2,33,202,1,24,60.6,51,6.1,15.5,2.5,84,8.2,685,2,3,HarvPe00
106,Allen Hurns,JAX,23,WR,16,8,97,51,677,13.3,6,26,38.1,63,3.2,42.3,52.6%,7.0,,,0,0,,,,,,51,13.3,677,6,,HurnAl01
107,Jerick McKinnon,MIN,22,RB,11,6,41,27,135,5.0,0,7,24.4,17,2.5,12.3,65.9%,3.3,113,538,0,24,40.7,55,4.8,48.9,10.3,140,4.8,673,0,,McKiJe00
108,James Jones,OAK,30,WR,16,10,112,73,666,9.1,6,40,42.9,42,4.6,41.6,65.2%,5.9,,,0,0,,,,,,73,9.1,666,6,3,JoneJa04
109,Markus Wheaton,PIT,23,WR,16,11,86,53,644,12.2,2,34,52.3,47,3.3,40.3,61.6%,7.5,4,19,0,1,75.0,12,4.8,1.2,0.3,57,11.6,663,2,,WheaMa00
110,Jarius Wright,MIN,25,WR,16,7,62,42,588,14.0,2,25,51.6,87,2.6,36.8,67.7%,9.5,5,71,0,3,80.0,27,14.2,4.4,0.3,47,14.0,659,2,,WrigJa02
111,Nate Washington,TEN,31,WR,16,11,72,40,647,16.2,2,26,52.8,80,2.5,40.4,55.6%,9.0,,,0,0,,,,,,40,16.2,647,2,,WashNa00
112,Alfred Blue,HOU,23,RB,16,3,18,15,113,7.5,1,7,66.7,22,0.9,7.1,83.3%,6.3,169,528,2,29,39.6,46,3.1,33.0,10.6,184,3.5,641,3,,BlueAl00
113,Colin Kaepernick,SFO,27,QB,16,16,,,,,0,0,,,,,,,104,639,1,28,46.2,90,6.1,39.9,6.5,104,6.1,639,1,8,KaepCo00
114,Jared Cook,STL,27,TE,16,6,99,52,634,12.2,3,32,45.5,59,3.3,39.6,52.5%,6.4,1,0,0,0,0.0,0,0.0,0.0,0.1,53,12.0,634,3,,CookJa02
115,Taylor Gabriel,CLE,23,WR,16,2,72,36,621,17.3,1,26,40.3,70,2.3,38.8,50.0%,8.6,4,10,0,0,25.0,8,2.5,0.6,0.3,40,15.8,631,1,,GabrTa00
116,Brandin Cooks,NOR,21,WR,10,7,69,53,550,10.4,3,25,58.0,50,5.3,55.0,76.8%,8.0,7,73,1,4,85.7,28,10.4,7.3,0.7,60,10.4,623,4,1,CookBr00
117,Larry Donnell,NYG,26,TE,16,12,92,63,623,9.9,6,36,55.4,32,3.9,38.9,68.5%,6.8,,,0,0,,,,,,63,9.9,623,6,4,DonnLa00
118,Terrance Williams,DAL,25,WR,16,16,66,37,621,16.8,8,30,53.0,51,2.3,38.8,56.1%,9.4,,,0,0,,,,,,37,16.8,621,8,,WillTe01
119,Knile Davis,KAN,23,RB,16,1,25,16,147,9.2,1,6,32.0,70,1.0,9.2,64.0%,5.9,134,463,6,26,34.3,48,3.5,28.9,8.4,150,4.1,610,7,4,DaviKn00
120,Charles Clay,MIA,25,TE,14,14,84,58,605,10.4,3,31,50.0,41,4.1,43.2,69.0%,7.2,,,0,0,,,,,,58,10.4,605,3,,ClayCh00
121,LeGarrette Blount,2TM,28,RB,16,1,12,10,54,5.4,0,8,41.7,13,0.6,3.4,83.3%,4.5,125,547,5,66,44.8,50,4.4,34.2,7.8,135,4.5,601,5,1,BlouLe00
122,Pierre Thomas,NOR,30,RB,11,3,55,45,378,8.4,1,19,49.1,39,4.1,34.4,81.8%,6.9,45,222,2,14,62.2,27,4.9,20.2,4.1,90,6.7,600,3,,ThomPi00
123,Benny Cunningham,STL,24,RB,16,2,52,45,352,7.8,1,21,51.9,19,2.8,22.0,86.5%,6.8,66,246,3,12,37.9,20,3.7,15.4,4.1,111,5.4,598,4,2,CunnBe01
124,Jerricho Cotchery,CAR,32,WR,15,13,78,48,580,12.1,1,29,53.8,47,3.2,38.7,61.5%,7.4,,,0,0,,,,,,48,12.1,580,1,,CotcJe00
125,Riley Cooper,PHI,27,WR,16,16,95,55,577,10.5,3,25,47.4,50,3.4,36.1,57.9%,6.1,,,0,0,,,,,,55,10.5,577,3,1,CoopRi00
126,Ronnie Hillman,DEN,23,RB,8,4,34,21,139,6.6,1,7,32.4,16,2.6,17.4,61.8%,4.1,106,434,3,20,40.6,37,4.1,54.3,13.3,127,4.5,573,4,1,HillRo00
127,Miles Austin,CLE,30,WR,12,11,73,47,568,12.1,2,34,54.8,31,3.9,47.3,64.4%,7.8,,,0,0,,,,,,47,12.1,568,2,,AustMi00
128,Latavius Murray,OAK,24,RB,15,3,23,17,143,8.4,0,3,30.4,46,1.1,9.5,73.9%,6.2,82,424,2,18,42.7,90,5.2,28.3,5.5,99,5.7,567,2,1,MurrLa00
129,Martavis Bryant,PIT,23,WR,10,3,48,26,549,21.1,8,16,45.8,94,2.6,54.9,54.2%,11.4,3,12,0,0,33.3,9,4.0,1.2,0.3,29,19.3,561,8,,BryaMa00
130,Doug Martin,TAM,25,RB,11,11,20,13,64,4.9,0,3,25.0,20,1.2,5.8,65.0%,3.2,134,494,2,24,35.8,63,3.7,44.9,12.2,147,3.8,558,2,,MartDo00
131,Cecil Shorts,JAX,27,WR,13,12,110,53,557,10.5,1,27,40.9,53,4.1,42.8,48.2%,5.1,,,0,0,,,,,,53,10.5,557,1,1,ShorCe00
132,Harry Douglas,ATL,30,WR,12,6,74,51,556,10.9,2,29,55.4,41,4.3,46.3,68.9%,7.5,,,0,0,,,,,,51,10.9,556,2,,DougHa00
133,Jermaine Kearse,SEA,24,WR,15,14,69,38,537,14.1,1,21,42.0,60,2.5,35.8,55.1%,7.8,2,15,0,1,50.0,11,7.5,1.0,0.1,40,13.8,552,1,,KearJe01
134,Reggie Bush,DET,29,RB,11,9,56,40,253,6.3,0,13,39.3,28,3.6,23.0,71.4%,4.5,76,297,2,9,43.4,26,3.9,27.0,6.9,116,4.7,550,2,,BushRe00
135,Allen Robinson,JAX,21,WR,10,8,81,48,548,11.4,2,26,49.4,54,4.8,54.8,59.3%,6.8,,,0,0,,,,,,48,11.4,548,2,,RobiAl02
136,Devin Hester*,ATL,32,DB,16,1,59,38,504,13.3,2,22,49.2,46,2.4,31.5,64.4%,8.5,6,36,1,1,50.0,20,6.0,2.3,0.4,44,12.3,540,3,2,HestDe99
137,Cam Newton,CAR,25,QB,14,14,,,,,0,0,,,,,,,103,539,5,48,61.2,22,5.2,38.5,7.4,103,5.2,539,5,9,NewtCa00
138,Mychal Rivera,OAK,24,TE,16,10,99,58,534,9.2,4,29,45.5,33,3.6,33.4,58.6%,5.4,,,0,0,,,,,,58,9.2,534,4,3,RiveMy00
139,Owen Daniels,BAL,32,TE,15,13,79,48,527,11.0,4,32,54.4,39,3.2,35.1,60.8%,6.7,,,0,0,,,,,,48,11.0,527,4,,DaniOw00
140,Dan Herron,IND,25,RB,16,3,26,21,173,8.2,0,7,50.0,26,1.3,10.8,80.8%,6.7,78,351,1,17,50.0,49,4.5,21.9,4.9,99,5.3,524,1,2,HerrDa00
141,Toby Gerhart,JAX,27,RB,14,7,24,20,186,9.3,0,10,62.5,26,1.4,13.3,83.3%,7.8,101,326,2,23,41.6,23,3.2,23.3,7.2,121,4.2,512,2,1,GerhTo00
142,Niles Paul,WAS,25,TE,16,7,52,39,507,13.0,1,19,63.5,50,2.4,31.7,75.0%,9.8,,,0,0,,,,,,39,13.0,507,1,1,PaulNi00
143,Cordarrelle Patterson,MIN,23,WR,16,7,67,33,384,11.6,1,20,41.8,28,2.1,24.0,49.3%,5.7,10,117,1,4,60.0,67,11.7,7.3,0.6,43,11.7,501,2,1,PattCo00
144,Justin Hunter,TEN,23,WR,12,8,67,28,498,17.8,3,20,37.3,75,2.3,41.5,41.8%,7.4,,,0,0,,,,,,28,17.8,498,3,,HuntJu00
145,Scott Chandler,BUF,29,TE,16,5,70,47,497,10.6,3,28,52.9,37,2.9,31.1,67.1%,7.1,,,0,0,,,,,,47,10.6,497,3,,ChanSc00
146,Robert Turbin,SEA,25,RB,16,3,20,16,186,11.6,2,9,65.0,34,1.0,11.6,80.0%,9.3,74,310,0,16,59.5,17,4.2,19.4,4.6,90,5.5,496,2,1,TurbRo00
147,Jeremy Kerley,NYJ,26,WR,16,7,75,38,409,10.8,1,21,41.3,33,2.4,25.6,50.7%,5.5,4,86,0,2,100.0,37,21.5,5.4,0.3,42,11.8,495,1,1,KerlJe00
148,Julius Thomas*,DEN,26,TE,13,10,62,43,489,11.4,12,30,59.7,35,3.3,37.6,69.4%,7.9,,,0,0,,,,,,43,11.4,489,12,1,ThomJu00
149,Anthony Dixon,BUF,27,RB,16,0,9,8,49,6.1,0,3,55.6,10,0.5,3.1,88.9%,5.4,105,432,2,14,46.7,47,4.1,27.0,6.6,113,4.3,481,2,1,DixoAn00
150,Brian Hartline,MIA,28,WR,16,16,63,39,474,12.2,2,27,54.0,35,2.4,29.6,61.9%,7.5,,,0,0,,,,,,39,12.2,474,2,1,HartBr00
151,Andre Roberts,WAS,26,WR,16,4,73,36,453,12.6,2,28,45.2,61,2.3,28.3,49.3%,6.2,2,21,0,1,50.0,19,10.5,1.3,0.1,38,12.5,474,2,4,RobeAn00
152,Devonta Freeman,ATL,22,RB,16,0,37,30,225,7.5,1,8,45.9,36,1.9,14.1,81.1%,6.1,65,248,1,10,27.7,31,3.8,15.5,4.1,95,5.0,473,2,1,FreeDe00
153,James Starks,GNB,28,RB,16,0,29,18,140,7.8,0,6,34.5,28,1.1,8.8,62.1%,4.8,85,333,2,17,37.6,41,3.9,20.8,5.3,103,4.6,473,2,1,StarJa00
154,Tavon Austin,STL,24,WR,15,8,44,31,242,7.8,0,12,50.0,28,2.1,16.1,70.5%,5.5,36,224,2,11,66.7,19,6.2,14.9,2.4,67,7.0,466,2,5,AustTa00
155,Jordan Reed,WAS,24,TE,11,2,65,50,465,9.3,0,23,52.3,30,4.5,42.3,76.9%,7.2,,,0,0,,,,,,50,9.3,465,0,1,ReedJo02
156,Charles Johnson,MIN,25,WR,12,6,59,31,475,15.3,2,19,47.5,56,2.6,39.6,52.5%,8.1,1,-11,0,0,0.0,-11,-11.0,-0.9,0.1,32,14.5,464,2,1,JohnCh08
157,Wes Welker,DEN,33,WR,14,8,64,49,464,9.5,2,24,56.3,39,3.5,33.1,76.6%,7.3,,,0,0,,,,,,49,9.5,464,2,,WelkWe00
158,Donte Moncrief,IND,21,WR,16,2,49,32,444,13.9,3,15,44.9,79,2.0,27.8,65.3%,9.1,4,17,0,1,50.0,7,4.3,1.1,0.3,36,12.8,461,3,,MoncDo00
159,Jermaine Gresham,CIN,26,TE,15,15,79,62,460,7.4,5,24,53.2,23,4.1,30.7,78.5%,5.8,,,0,0,,,,,,62,7.4,460,5,3,GresJe00
160,Stedman Bailey,STL,24,WR,14,3,46,30,435,14.5,1,19,63.0,38,2.1,31.1,65.2%,9.5,1,13,0,1,100.0,13,13.0,0.9,0.1,31,14.5,448,1,,BailSt01
161,Davante Adams,GNB,22,WR,16,11,66,38,446,11.7,3,23,48.5,45,2.4,27.9,57.6%,6.8,,,0,0,,,,,,38,11.7,446,3,,AdamDa01
162,Zac Stacy,STL,23,RB,13,5,23,18,152,8.4,0,9,60.9,17,1.4,11.7,78.3%,6.6,76,293,1,13,51.3,16,3.9,22.5,5.8,94,4.7,445,1,2,StacZa00
163,Stevie Johnson,SFO,28,WR,13,1,50,35,435,12.4,3,24,62.0,32,2.7,33.5,70.0%,8.7,,,0,0,,,,,,35,12.4,435,3,,JohnSt00
164,Donald Brown,SDG,27,RB,13,3,41,29,211,7.3,0,7,34.1,24,2.2,16.2,70.7%,5.1,85,223,0,13,30.6,16,2.6,17.2,6.5,114,3.8,434,0,1,BrowDo00
165,Marqise Lee,JAX,23,WR,13,8,69,37,422,11.4,1,21,44.9,37,2.8,32.5,53.6%,6.1,3,9,0,1,66.7,5,3.0,0.7,0.2,40,10.8,431,1,,LeexMa00
166,Ben Tate,3TM,26,RB,11,6,12,9,60,6.7,0,6,25.0,23,0.8,5.5,75.0%,5.0,119,371,4,36,34.5,25,3.1,33.7,10.8,128,3.4,431,4,,TateBe00
167,Chris Hogan,BUF,27,WR,16,2,61,41,426,10.4,4,20,42.6,31,2.6,26.6,67.2%,7.0,,,0,0,,,,,,41,10.4,426,4,2,HogaCh00
168,Khiry Robinson,NOR,25,RB,10,3,11,8,63,7.9,0,3,27.3,17,0.8,6.3,72.7%,5.7,76,362,3,23,53.9,62,4.8,36.2,7.6,84,5.1,425,3,2,RobiKh00
169,C.J. Spiller,BUF,27,RB,9,5,22,19,125,6.6,1,7,59.1,25,2.1,13.9,86.4%,5.7,78,300,0,12,39.7,53,3.8,33.3,8.7,97,4.4,425,1,3,SpilC.00
170,Jordan Cameron,CLE,26,TE,10,9,48,24,424,17.7,2,13,31.3,81,2.4,42.4,50.0%,8.8,,,0,0,,,,,,24,17.7,424,2,,CameJo00
171,Cole Beasley,DAL,25,WR,16,2,49,37,420,11.4,4,26,67.3,45,2.3,26.3,75.5%,8.6,,,0,0,,,,,,37,11.4,420,4,2,BeasCo00
172,Blake Bortles,JAX,22,QB,14,13,,,,,0,0,,,,,,,56,419,0,29,62.5,34,7.5,29.9,4.0,56,7.5,419,0,7,BortBl00
173,Jonas Gray,NWE,24,RB,8,3,3,1,7,7.0,0,0,33.3,7,0.1,0.9,33.3%,2.3,89,412,5,27,60.7,20,4.6,51.5,11.1,90,4.7,419,5,,GrayJo00
174,Preston Parker,NYG,27,WR,16,7,56,36,418,11.6,2,26,53.6,42,2.3,26.1,64.3%,7.5,,,0,0,,,,,,36,11.6,418,2,2,ParkPr00
175,Lorenzo Taliaferro,BAL,23,RB,13,0,10,8,114,14.3,0,4,50.0,29,0.6,8.8,80.0%,11.4,68,292,4,17,48.5,31,4.3,22.5,5.2,76,5.3,406,4,1,TaliLo00
176,Shonn Greene,TEN,29,RB,13,5,3,1,13,13.0,0,1,33.3,13,0.1,1.0,33.3%,4.3,94,392,2,18,45.7,52,4.2,30.2,7.2,95,4.3,405,2,1,GreeSh00
177,Hakeem Nicks,IND,26,WR,16,6,68,38,405,10.7,4,18,41.2,29,2.4,25.3,55.9%,6.0,,,0,0,,,,,,38,10.7,405,4,,NickHa01
178,Carlos Hyde,SFO,24,RB,14,0,16,12,68,5.7,0,4,25.0,16,0.9,4.9,75.0%,4.3,83,333,4,17,43.4,28,4.0,23.8,5.9,95,4.2,401,4,1,HydeCa00
179,Ryan Mathews,SDG,27,RB,6,6,10,9,69,7.7,0,4,80.0,16,1.5,11.5,90.0%,6.9,74,330,3,19,47.3,32,4.5,55.0,12.3,83,4.8,399,3,1,MathRy00
180,Dwayne Allen,IND,24,TE,13,13,50,29,395,13.6,8,24,52.0,41,2.2,30.4,58.0%,7.9,,,0,0,,,,,,29,13.6,395,8,1,AlleDw00
181,Corey Brown,CAR,23,WR,13,3,36,21,296,14.1,2,12,50.0,47,1.6,22.8,58.3%,8.2,8,95,0,2,75.0,28,11.9,7.3,0.6,29,13.5,391,2,3,BrowPh00
182,Jacquizz Rodgers,ATL,24,RB,16,1,40,29,173,6.0,1,9,40.0,14,1.8,10.8,72.5%,4.3,58,217,1,12,39.7,17,3.7,13.6,3.6,87,4.5,390,2,1,RodgJa00
183,Jordan Todman,JAX,24,RB,16,1,37,25,198,7.9,1,6,24.3,26,1.6,12.4,67.6%,5.4,32,186,1,5,25.0,62,5.8,11.6,2.0,57,6.7,384,2,,TodmJo00
184,Louis Murphy,TAM,27,WR,11,3,56,31,380,12.3,2,14,48.2,54,2.8,34.5,55.4%,6.8,,,0,0,,,,,,31,12.3,380,2,1,MurpLo00
185,Bernard Pierce,BAL,23,RB,13,2,6,2,13,6.5,0,0,16.7,7,0.2,1.0,33.3%,2.2,93,366,2,20,38.7,28,3.9,28.2,7.2,95,4.0,379,2,1,PierBe00
186,Brian Quick,STL,25,WR,7,7,39,25,375,15.0,3,20,59.0,51,3.6,53.6,64.1%,9.6,,,0,0,,,,,,25,15.0,375,3,,QuicBr00
187,Charles Sims,TAM,24,RB,8,0,27,19,190,10.0,0,7,37.0,24,2.4,23.8,70.4%,7.0,66,185,1,10,31.8,20,2.8,23.1,8.3,85,4.4,375,1,2,SimsCh00
188,Theo Riddick,DET,23,RB,14,2,50,34,316,9.3,4,14,42.0,41,2.4,22.6,68.0%,6.3,20,51,0,2,40.0,9,2.6,3.6,1.4,54,6.8,367,4,,RiddTh00
189,Joseph Randle,DAL,23,RB,16,0,5,4,23,5.8,0,1,40.0,14,0.3,1.4,80.0%,4.6,51,343,3,12,49.0,65,6.7,21.4,3.2,55,6.7,366,3,2,RandJo01
190,Antone Smith,ATL,29,RB,10,0,15,13,222,17.1,3,5,66.7,74,1.3,22.2,86.7%,14.8,23,144,2,6,56.5,48,6.3,14.4,2.3,36,10.2,366,5,1,SmitAn01
191,Luke Willson,SEA,24,TE,15,10,40,22,362,16.5,3,14,40.0,80,1.5,24.1,55.0%,9.1,,,0,0,,,,,,22,16.5,362,3,,WillLu00
192,Stevan Ridley,NWE,25,RB,6,5,5,4,20,5.0,0,0,60.0,7,0.7,3.3,80.0%,4.0,94,340,2,17,53.2,43,3.6,56.7,15.7,98,3.7,360,2,,RidlSt00
193,Jason Avant,2TM,31,WR,16,0,62,34,353,10.4,1,40,45.2,41,2.1,22.1,54.8%,5.7,1,1,0,0,0.0,1,1.0,0.1,0.1,35,10.1,354,1,,AvanJa00
194,John Carlson,ARI,30,RB,16,12,55,33,350,10.6,1,17,41.8,32,2.1,21.9,60.0%,6.4,,,0,0,,,,,,33,10.6,350,1,,CarlJo00
195,Damaris Johnson,HOU,25,WR,16,8,49,31,331,10.7,1,15,40.8,44,1.9,20.7,63.3%,6.8,5,19,0,1,60.0,12,3.8,1.2,0.3,36,9.7,350,1,2,JohnDa04
196,Marcel Reece*,OAK,29,RB,15,15,59,37,265,7.2,1,12,42.4,19,2.5,17.7,62.7%,4.5,21,85,0,5,47.6,11,4.0,5.7,1.4,58,6.0,350,1,1,ReecMa00
197,Jace Amaro,NYJ,22,TE,14,4,53,38,345,9.1,2,20,49.1,43,2.7,24.6,71.7%,6.5,,,0,0,,,,,,38,9.1,345,2,1,AmarJa00
198,Brent Celek,PHI,29,TE,16,15,51,32,340,10.6,1,16,51.0,37,2.0,21.3,62.7%,6.7,,,0,0,,,,,,32,10.6,340,1,1,CeleBr00
199,Victor Cruz,NYG,28,WR,6,6,41,23,337,14.7,1,13,43.9,61,3.8,56.2,56.1%,8.2,,,0,0,,,,,,23,14.7,337,1,,CruzVi00
200,Travaris Cadet,NOR,25,RB,15,1,51,38,296,7.8,1,15,51.0,31,2.5,19.7,74.5%,5.8,10,32,0,1,40.0,8,3.2,2.1,0.7,48,6.8,328,1,2,CadeTr00
201,Dexter McCluster,TEN,25,WR,14,2,36,26,197,7.6,1,10,44.4,25,1.9,14.1,72.2%,5.5,40,131,0,7,42.5,16,3.3,9.4,2.9,66,5.0,328,1,1,McClDe00
202,Travis Benjamin,CLE,25,WR,16,0,46,18,314,17.4,3,14,37.0,43,1.1,19.6,39.1%,6.8,3,11,0,1,66.7,10,3.7,0.7,0.2,21,15.5,325,3,2,BenjTr00
203,Andrew Quarless,GNB,26,TE,16,11,46,29,323,11.1,3,20,58.7,34,1.8,20.2,63.0%,7.0,,,0,0,,,,,,29,11.1,323,3,,QuarAn00
204,Lance Dunbar,DAL,24,RB,16,0,22,18,217,12.1,0,12,59.1,40,1.1,13.6,81.8%,9.9,29,99,0,6,37.9,14,3.4,6.2,1.8,47,6.7,316,0,,DunbLa00
205,Jeremy Ross,DET,26,WR,16,13,35,24,314,13.1,1,15,51.4,59,1.5,19.6,68.6%,9.0,2,-1,0,0,0.0,4,-0.5,-0.1,0.1,26,12.0,313,1,4,RossJe01
206,Damien Williams,MIA,22,RB,16,0,27,21,187,8.9,1,13,63.0,32,1.3,11.7,77.8%,6.9,36,122,0,6,47.2,19,3.4,7.6,2.3,57,5.4,309,1,,WillDa05
207,Ryan Tannehill,MIA,26,QB,16,16,1,1,-4,-4.0,0,0,0.0,0,0.1,-0.3,100.0%,-4.0,56,311,1,18,55.4,40,5.6,19.4,3.5,57,5.4,307,1,9,TannRy00
208,Josh Gordon,CLE,23,WR,5,5,47,24,303,12.6,0,16,40.4,32,4.8,60.6,51.1%,6.4,,,0,0,,,,,,24,12.6,303,0,,GordJo02
209,Bryce Brown,BUF,23,RB,7,2,25,16,176,11.0,0,8,60.0,40,2.3,25.1,64.0%,7.0,36,126,0,6,47.2,14,3.5,18.0,5.1,52,5.8,302,0,1,BrowBr02
210,Juwan Thompson,DEN,22,RB,15,0,7,4,25,6.3,0,0,28.6,14,0.3,1.7,57.1%,3.6,54,272,3,19,57.4,47,5.0,18.1,3.6,58,5.1,297,3,1,ThomJu01
211,Brandon Gibson,MIA,27,WR,14,5,51,29,295,10.2,1,14,43.1,40,2.1,21.1,56.9%,5.8,,,0,0,,,,,,29,10.2,295,1,2,GibsBr00
212,Brandon Lloyd,SFO,33,WR,14,3,35,14,294,21.0,1,11,37.1,80,1.0,21.0,40.0%,8.4,,,0,0,,,,,,14,21.0,294,1,,LloyBr00
213,Clay Harbor,JAX,27,TE,13,8,35,26,289,11.1,1,12,42.9,59,2.0,22.2,74.3%,8.3,,,0,0,,,,,,26,11.1,289,1,,HarbCl00
214,Daniel Thomas,MIA,27,RB,12,0,19,13,121,9.3,0,8,47.4,25,1.1,10.1,68.4%,6.4,44,168,2,8,54.5,15,3.8,14.0,3.7,57,5.1,289,2,1,ThomDa03
215,Stepfan Taylor,ARI,23,RB,14,4,15,11,79,7.2,3,5,53.3,18,0.8,5.6,73.3%,5.3,63,208,1,13,39.7,21,3.3,14.9,4.5,74,3.9,287,4,,TaylSt00
216,Dion Sims,MIA,23,TE,14,2,36,24,284,11.8,2,13,58.3,38,1.7,20.3,66.7%,7.9,,,0,0,,,,,,24,11.8,284,2,,SimsDi00
217,Brice Butler,OAK,24,WR,15,0,35,21,280,13.3,2,14,51.4,55,1.4,18.7,60.0%,8.0,,,0,0,,,,,,21,13.3,280,2,,ButlBr00
218,Andrew Luck*,IND,25,QB,16,16,,,,,0,0,,,,,,,64,273,3,20,42.2,20,4.3,17.1,4.0,64,4.3,273,3,13,LuckAn00
219,Paul Richardson,SEA,22,WR,15,6,44,29,271,9.3,1,16,50.0,32,1.9,18.1,65.9%,6.2,,,0,0,,,,,,29,9.3,271,1,1,RichPa01
220,Aaron Rodgers*+,GNB,31,QB,16,16,,,,,0,0,,,,,,,43,269,2,22,58.1,19,6.3,16.8,2.7,43,6.3,269,2,10,RodgAa00
221,De'Anthony Thomas,KAN,21,RB,12,3,31,23,156,6.8,0,8,38.7,30,1.9,13.0,74.2%,5.0,14,113,1,3,71.4,26,8.1,9.4,1.2,37,7.3,269,1,,ThomDe05
222,Kamar Aiken,BAL,25,WR,16,0,32,24,267,11.1,3,15,68.8,24,1.5,16.7,75.0%,8.3,,,0,0,,,,,,24,11.1,267,3,,AikeKa00
223,Kenbrell Thompkins,2TM,26,WR,14,7,48,21,262,12.5,0,26,33.3,50,1.5,18.7,43.8%,5.5,2,5,0,0,50.0,7,2.5,0.4,0.1,23,11.6,267,0,,ThomKe02
224,DeAngelo Williams,CAR,31,RB,6,6,6,5,44,8.8,0,2,66.7,30,0.8,7.3,83.3%,7.3,62,219,0,7,43.5,17,3.5,36.5,10.3,67,3.9,263,0,1,WillDe02
225,Albert Wilson,KAN,22,WR,12,2,28,16,260,16.3,0,12,53.6,48,1.3,21.7,57.1%,9.3,,,0,0,,,,,,16,16.3,260,0,,WilsAl02
226,Lance Kendricks,STL,26,TE,16,14,38,27,259,9.6,5,17,63.2,23,1.7,16.2,71.1%,6.8,,,0,0,,,,,,27,9.6,259,5,,KendLa00
227,Chase Ford,MIN,24,TE,11,5,35,23,258,11.2,1,15,57.1,22,2.1,23.5,65.7%,7.4,,,0,0,,,,,,23,11.2,258,1,,FordCh00
228,Kerwynn Williams,ARI,23,RB,5,0,6,2,11,5.5,0,0,16.7,6,0.4,2.2,33.3%,1.8,53,246,0,11,52.8,19,4.6,49.2,10.6,55,4.7,257,0,1,WillKe05
229,Tim Wright,NWE,24,TE,16,2,33,26,259,10.0,6,18,66.7,30,1.6,16.2,78.8%,7.8,1,-2,0,0,0.0,-2,-2.0,-0.1,0.1,27,9.5,257,6,,WrigTi01
230,Marlon Brown,BAL,23,WR,14,1,31,24,255,10.6,0,16,58.1,22,1.7,18.2,77.4%,8.2,,,0,0,,,,,,24,10.6,255,0,,BrowMa00
231,Derek Hagan,TEN,30,WR,16,3,34,19,254,13.4,1,10,35.3,38,1.2,15.9,55.9%,7.5,,,0,0,,,,,,19,13.4,254,1,,HagaDe00
232,Alex Smith,KAN,30,QB,15,15,,,,,0,0,,,,,,,49,254,1,15,46.9,25,5.2,16.9,3.3,49,5.2,254,1,4,SmitAl03
233,Vernon Davis,SFO,30,TE,14,14,50,26,245,9.4,2,11,36.0,29,1.9,17.5,52.0%,4.9,1,4,0,0,100.0,4,4.0,0.3,0.1,27,9.2,249,2,,DaviVe00
234,Eric Ebron,DET,21,TE,13,7,47,25,248,9.9,1,14,44.7,22,1.9,19.1,53.2%,5.3,,,0,0,,,,,,25,9.9,248,1,,EbroEr00
235,Jeff Cumberland,NYJ,27,TE,16,14,47,23,247,10.7,3,12,36.2,28,1.4,15.4,48.9%,5.3,,,0,0,,,,,,23,10.7,247,3,,CumbJe00
236,Jim Dray,CLE,28,TE,16,8,27,17,242,14.2,1,12,51.9,31,1.1,15.1,63.0%,9.0,,,0,0,,,,,,17,14.2,242,1,,DrayJi00
237,Jonathan Grimes,HOU,25,RB,16,0,8,6,86,14.3,0,4,62.5,31,0.4,5.4,75.0%,10.8,39,153,0,5,43.6,11,3.9,9.6,2.4,45,5.3,239,0,,GrimJo01
238,Geno Smith,NYJ,24,QB,14,13,1,0,0,,0,0,0.0,0,0.0,0.0,0.0%,0.0,59,238,1,18,42.4,18,4.0,17.0,4.2,59,4.0,238,1,8,SmitGe00
239,Levine Toilolo,ATL,23,TE,16,16,54,31,238,7.7,2,15,40.7,20,1.9,14.9,57.4%,4.4,,,0,0,,,,,,31,7.7,238,2,1,ToilLe00
240,Montee Ball,DEN,24,RB,5,3,13,9,62,6.9,0,2,30.8,16,1.8,12.4,69.2%,4.8,55,172,1,9,41.8,23,3.1,34.4,11.0,64,3.7,234,1,1,BallMo00
241,Bilal Powell,NYJ,26,RB,15,1,15,11,92,8.4,0,5,33.3,20,0.7,6.1,73.3%,6.1,33,141,1,7,48.5,15,4.3,9.4,2.2,44,5.3,233,1,,PoweBi00
242,Kyle Rudolph,MIN,25,TE,9,8,34,24,231,9.6,2,13,64.7,23,2.7,25.7,70.6%,6.8,,,0,0,,,,,,24,9.6,231,2,1,RudoKy00
243,Jaron Brown,ARI,24,WR,16,2,32,22,229,10.4,2,14,53.1,26,1.4,14.3,68.8%,7.2,,,0,0,,,,,,22,10.4,229,2,1,BrowJa03
244,Anthony Fasano,KAN,30,TE,15,13,36,25,226,9.0,4,15,52.8,22,1.7,15.1,69.4%,6.3,,,0,0,,,,,,25,9.0,226,4,,FasaAn00
245,Ladarius Green,SDG,24,TE,14,4,25,19,226,11.9,0,12,60.0,28,1.4,16.1,76.0%,9.0,,,0,0,,,,,,19,11.9,226,0,,GreeLa00
246,Richard Rodgers,GNB,22,TE,16,5,30,20,225,11.3,2,10,50.0,43,1.3,14.1,66.7%,7.5,,,0,0,,,,,,20,11.3,225,2,,RodgRi00
247,Austin Seferian-Jenkins,TAM,22,TE,9,9,38,21,221,10.5,2,12,50.0,30,2.3,24.6,55.3%,5.8,,,0,0,,,,,,21,10.5,221,2,1,SefeAu00
248,Nick Toon,NOR,26,WR,8,2,23,17,215,12.6,1,13,73.9,24,2.1,26.9,73.9%,9.3,1,4,0,0,100.0,4,4.0,0.5,0.1,18,12.2,219,1,1,ToonNi00
249,Leon Washington,TEN,32,RB,16,0,31,22,159,7.2,2,8,32.3,25,1.4,9.9,71.0%,5.1,13,57,0,1,15.4,16,4.4,3.6,0.8,35,6.2,216,2,3,WashLe00
250,Ka'Deem Carey,CHI,22,RB,14,0,6,5,57,11.4,0,2,66.7,18,0.4,4.1,83.3%,9.5,36,158,0,11,52.8,15,4.4,11.3,2.6,41,5.2,215,0,,CareKa00
251,Brandon Tate,CIN,27,WR,16,4,26,17,193,11.4,1,12,53.8,50,1.1,12.1,65.4%,7.4,3,21,0,1,66.7,12,7.0,1.3,0.2,20,10.7,214,1,2,TateBr00
252,Corey Fuller,DET,24,WR,16,2,31,14,212,15.1,1,11,45.2,52,0.9,13.3,45.2%,6.8,,,0,0,,,,,,14,15.1,212,1,1,FullCo00
253,Teddy Bridgewater,MIN,22,QB,13,12,,,,,0,0,,,,,,,47,209,1,15,46.8,16,4.4,16.1,3.6,47,4.4,209,1,3,BridTe00
254,Rhett Ellison,MIN,26,TE,16,13,26,19,208,10.9,1,12,61.5,40,1.2,13.0,73.1%,8.0,,,0,0,,,,,,19,10.9,208,1,,ElliRh00
255,Marcedes Lewis,JAX,30,TE,8,8,31,18,206,11.4,2,10,48.4,63,2.3,25.8,58.1%,6.6,,,0,0,,,,,,18,11.4,206,2,,LewiMa00
256,Fozzy Whittaker,CAR,25,RB,10,1,6,5,60,12.0,1,2,66.7,26,0.5,6.0,83.3%,10.0,32,145,1,8,40.6,17,4.5,14.5,3.2,37,5.5,205,2,,WhitFo00
257,Peyton Hillis,NYG,28,RB,9,0,16,10,87,8.7,0,2,37.5,26,1.1,9.7,62.5%,5.4,26,115,0,4,38.5,16,4.4,12.8,2.9,36,5.6,202,0,,HillPe00
258,Danny Amendola,NWE,29,WR,16,4,42,27,200,7.4,1,12,42.9,21,1.7,12.5,64.3%,4.8,,,0,0,,,,,,27,7.4,200,1,,AmenDa00
259,Bruce Miller,SFO,27,RB,16,8,25,18,189,10.5,2,11,60.0,22,1.1,11.8,72.0%,7.6,6,9,0,2,33.3,4,1.5,0.6,0.4,24,8.3,198,2,1,MillBr02
260,Lance Moore,PIT,31,WR,14,2,26,14,198,14.1,2,11,42.3,29,1.0,14.1,53.8%,7.6,,,0,0,,,,,,14,14.1,198,2,,MoorLa00
261,Garrett Graham,HOU,28,TE,11,9,28,18,197,10.9,1,10,50.0,26,1.6,17.9,64.3%,7.0,,,0,0,,,,,,18,10.9,197,1,,GrahGa00
262,Ricardo Lockette,SEA,28,WR,16,0,15,11,195,17.7,2,5,53.3,48,0.7,12.2,73.3%,13.0,1,2,0,0,0.0,2,2.0,0.1,0.1,12,16.4,197,2,,LockRi00
263,Ted Ginn Jr.,ARI,29,WR,16,0,26,14,190,13.6,0,9,42.3,27,0.9,11.9,53.8%,7.3,3,6,0,0,0.0,4,2.0,0.4,0.2,17,11.5,196,0,2,GinnTe00
264,Jay Cutler,CHI,31,QB,15,15,,,,,0,0,,,,,,,39,191,2,14,38.5,25,4.9,12.7,2.6,39,4.9,191,2,12,CutlJa00
265,Brandon Myers,TAM,29,TE,14,6,32,22,190,8.6,0,8,43.8,26,1.6,13.6,68.8%,5.9,,,0,0,,,,,,22,8.6,190,0,,MyerBr00
266,Daniel Fells,NYG,31,TE,16,9,20,16,188,11.8,4,12,80.0,27,1.0,11.8,80.0%,9.4,,,0,0,,,,,,16,11.8,188,4,1,FellDa00
267,Chris Polk,PHI,25,RB,14,0,3,2,16,8.0,0,1,33.3,15,0.1,1.1,66.7%,5.3,46,172,4,12,50.0,22,3.7,12.3,3.3,48,3.9,188,4,1,PolkCh00
268,Andy Dalton*,CIN,27,QB,16,16,1,1,18,18.0,1,1,100.0,18,0.1,1.1,100.0%,18.0,60,169,4,21,46.7,20,2.8,10.6,3.8,61,3.1,187,5,3,DaltAn00
269,Christine Michael,SEA,24,RB,10,0,2,1,12,12.0,0,0,50.0,12,0.1,1.2,50.0%,6.0,34,175,0,11,50.0,45,5.1,17.5,3.4,35,5.3,187,0,1,MichCh00
270,Greg Salas,NYJ,26,WR,10,2,23,8,167,20.9,0,6,34.8,51,0.8,16.7,34.8%,7.3,1,20,1,1,100.0,20,20.0,2.0,0.1,9,20.8,187,1,,SalaGr00
271,Cooper Helfet,SEA,25,TE,10,2,24,12,185,15.4,2,9,41.7,36,1.2,18.5,50.0%,7.7,,,0,0,,,,,,12,15.4,185,2,,HelfCo00
272,Ryan Fitzpatrick,HOU,32,QB,12,12,,,,,0,0,,,,,,,50,184,2,13,46.0,16,3.7,15.3,4.2,50,3.7,184,2,5,FitzRy00
273,Kyle Juszczyk,BAL,23,RB,16,14,27,19,182,9.6,1,6,59.3,33,1.2,11.4,70.4%,6.7,,,0,0,,,,,,19,9.6,182,1,2,JuszKy00
274,Silas Redd,WAS,22,RB,15,0,10,8,107,13.4,0,5,60.0,37,0.5,7.1,80.0%,10.7,16,75,1,6,50.0,14,4.7,5.0,1.1,24,7.6,182,1,1,ReddSi00
275,Donnie Avery,KAN,30,WR,6,3,26,15,176,11.7,0,8,50.0,27,2.5,29.3,57.7%,6.8,,,0,0,,,,,,15,11.7,176,0,1,AverDo00
276,Robert Griffin III,WAS,24,QB,9,7,,,,,0,0,,,,,,,38,176,1,10,42.1,23,4.6,19.6,4.2,38,4.6,176,1,9,GrifRo01
277,Josh Hill,NOR,24,TE,16,3,20,14,176,12.6,5,9,60.0,37,0.9,11.0,70.0%,8.8,,,0,0,,,,,,14,12.6,176,5,,HillJo02
278,Mike Tolbert,CAR,29,RB,8,6,17,12,93,7.8,0,4,23.5,18,1.5,11.6,70.6%,5.5,37,78,0,5,27.0,15,2.1,9.8,4.6,49,3.5,171,0,,TolbMi00
279,Maurice Jones-Drew,OAK,29,RB,12,1,16,11,71,6.5,0,3,43.8,12,0.9,5.9,68.8%,4.4,43,96,0,2,23.3,13,2.2,8.0,3.6,54,3.1,167,0,1,DrewMa00
280,Chris Givens,STL,25,WR,14,0,20,11,159,14.5,1,5,35.0,47,0.8,11.4,55.0%,8.0,1,4,0,1,100.0,4,4.0,0.3,0.1,12,13.6,163,1,,GiveCh00
281,Joe Morgan,NOR,26,WR,5,2,10,4,92,23.0,0,3,40.0,62,0.8,18.4,40.0%,9.2,1,67,0,1,100.0,67,67.0,13.4,0.2,5,31.8,159,0,,MorgJo01
282,Dontrelle Inman,SDG,25,WR,7,0,17,12,158,13.2,0,7,70.6,28,1.7,22.6,70.6%,9.3,,,0,0,,,,,,12,13.2,158,0,,InmaDo00
283,Gary Barnidge,CLE,29,TE,13,2,25,13,156,12.0,0,9,40.0,28,1.0,12.0,52.0%,6.2,,,0,0,,,,,,13,12.0,156,0,,BarnGa01
284,Knowshon Moreno,MIA,27,RB,3,0,1,1,8,8.0,0,0,100.0,8,0.3,2.7,100.0%,8.0,31,148,1,8,64.5,15,4.8,49.3,10.3,32,4.9,156,1,,MoreKn00
285,Michael Vick,NYJ,34,QB,10,3,,,,,0,0,,,,,,,26,153,0,10,50.0,24,5.9,15.3,2.6,26,5.9,153,0,5,VickMi00
286,Brenton Bersin,CAR,24,WR,15,1,20,13,151,11.6,1,11,65.0,29,0.9,10.1,65.0%,7.6,,,0,0,,,,,,13,11.6,151,1,2,BersBr00
287,Robert Hughes,ARI,25,RB,16,4,12,8,140,17.5,0,7,66.7,49,0.5,8.8,66.7%,11.7,7,11,0,3,42.9,5,1.6,0.7,0.4,15,10.1,151,0,,HughRo00
288,Joe Banyard,MIN,26,RB,15,0,11,9,62,6.9,0,4,54.5,12,0.6,4.1,81.8%,5.6,21,88,0,4,52.4,16,4.2,5.9,1.4,30,5.0,150,0,,BanyJo00
289,Jacoby Jones,BAL,30,WR,16,0,18,9,131,14.6,0,6,44.4,31,0.6,8.2,50.0%,7.3,3,16,0,2,66.7,11,5.3,1.0,0.2,12,12.3,147,0,4,JoneJa03
290,Matt Ryan*,ATL,29,QB,16,16,,,,,0,0,,,,,,,29,145,0,10,58.6,15,5.0,9.1,1.8,29,5.0,145,0,5,RyanMa00
291,Jake Locker,TEN,26,QB,7,5,,,,,0,0,,,,,,,22,142,1,11,59.1,29,6.5,20.3,3.1,22,6.5,142,1,3,LockJa00
292,Mike Williams,BUF,27,WR,9,0,19,8,142,17.8,1,3,31.6,80,0.9,15.8,42.1%,7.5,,,0,0,,,,,,8,17.8,142,1,,WillMi04
293,Marquess Wilson,CHI,22,WR,7,6,32,17,140,8.2,1,7,40.6,17,2.4,20.0,53.1%,4.4,,,0,0,,,,,,17,8.2,140,1,,WilsMa02
294,Rishard Matthews,MIA,25,WR,14,0,22,12,135,11.3,2,9,45.5,23,0.9,9.6,54.5%,6.1,1,3,0,0,0.0,3,3.0,0.2,0.1,13,10.6,138,2,1,MattRi00
295,Adam Thielen,MIN,24,WR,16,2,13,8,137,17.1,1,7,53.8,44,0.5,8.6,61.5%,10.5,,,0,0,,,,,,8,17.1,137,1,,ThieAd00
296,Ben Watson,NOR,34,TE,16,8,31,20,136,6.8,2,9,35.5,15,1.3,8.5,64.5%,4.4,,,0,0,,,,,,20,6.8,136,2,,WatsBe00
297,MarQueis Gray,2TM,25,TE,13,5,11,9,134,14.9,0,8,81.8,41,0.7,10.3,81.8%,12.2,,,0,0,,,,,,9,14.9,134,0,,GrayMa00
298,Tony Moeaki,SEA,27,TE,6,2,13,8,134,16.8,1,6,46.2,63,1.3,22.3,61.5%,10.3,,,0,0,,,,,,8,16.8,134,1,,MoeaTo00
299,Rob Housler,ARI,26,TE,15,7,17,9,129,14.3,0,7,47.1,27,0.6,8.6,52.9%,7.6,1,1,0,1,100.0,1,1.0,0.1,0.1,10,13.0,130,0,1,HousRo01
300,Josh McCown,TAM,35,QB,11,11,,,,,0,0,,,,,,,25,127,3,12,48.0,16,5.1,11.5,2.3,25,5.1,127,3,10,McCoJo01
301,Dennis Pitta,BAL,29,TE,3,3,21,16,125,7.8,0,7,61.9,24,5.3,41.7,76.2%,6.0,,,0,0,,,,,,16,7.8,125,0,,PittDe00
302,Dwayne Harris,DAL,27,WR,16,0,12,7,116,16.6,0,2,50.0,56,0.4,7.3,58.3%,9.7,4,7,0,0,25.0,9,1.8,0.4,0.3,11,11.2,123,0,4,HarrDw00
303,Crockett Gillmore,BAL,23,TE,15,1,15,10,121,12.1,1,8,66.7,22,0.7,8.1,66.7%,8.1,,,0,0,,,,,,10,12.1,121,1,,GillCr00
304,James Wright,CIN,23,WR,11,0,16,5,91,18.2,0,5,31.3,30,0.5,8.3,31.3%,5.7,3,30,0,2,100.0,13,10.0,2.7,0.3,8,15.1,121,0,,WrigJa03
305,Vincent Brown,OAK,25,WR,7,0,21,12,118,9.8,0,6,47.6,20,1.7,16.9,57.1%,5.6,,,0,0,,,,,,12,9.8,118,0,,BrowVi00
306,Jack Doyle,IND,24,TE,16,1,22,18,118,6.6,2,7,59.1,20,1.1,7.4,81.8%,5.4,,,0,0,,,,,,18,6.6,118,2,,DoylJa00
307,Austin Pettis,2TM,26,WR,9,0,17,12,118,9.8,1,14,64.7,27,1.3,13.1,70.6%,6.9,,,0,0,,,,,,12,9.8,118,1,,PettAu00
308,Denarius Moore,OAK,26,WR,10,2,27,12,115,9.6,0,6,29.6,28,1.2,11.5,44.4%,4.3,1,1,0,0,0.0,1,1.0,0.1,0.1,13,8.9,116,0,1,MoorDe02
309,Santana Moss,WAS,35,WR,10,0,15,10,116,11.6,0,6,53.3,19,1.0,11.6,66.7%,7.7,,,0,0,,,,,,10,11.6,116,0,,MossSa00
310,Dante Rosario,CHI,30,TE,16,3,22,16,116,7.3,0,3,45.5,22,1.0,7.3,72.7%,5.3,,,0,0,,,,,,16,7.3,116,0,1,RosaDa00
311,Ed Dickson,CAR,27,TE,16,10,17,10,115,11.5,1,9,52.9,34,0.6,7.2,58.8%,6.8,,,0,0,,,,,,10,11.5,115,1,1,DickEd00
312,Robert Meachem,NOR,30,WR,11,2,20,7,114,16.3,0,7,35.0,25,0.6,10.4,35.0%,5.7,,,0,0,,,,,,7,16.3,114,0,,MeacRo00
313,Darrin Reaves,CAR,21,RB,6,1,8,5,31,6.2,0,1,37.5,16,0.8,5.2,62.5%,3.9,31,78,0,3,35.5,9,2.5,13.0,5.2,36,3.0,109,0,,ReavDa00
314,Jacob Tamme,DEN,29,TE,15,0,28,14,109,7.8,2,4,39.3,26,0.9,7.3,50.0%,3.9,,,0,0,,,,,,14,7.8,109,2,1,TammJa00
315,Junior Hemingway,KAN,26,WR,14,1,22,12,108,9.0,0,8,45.5,17,0.9,7.7,54.5%,4.9,,,0,0,,,,,,12,9.0,108,0,,HemiJu00
316,John Kuhn*+,GNB,32,FB,16,2,4,4,23,5.8,0,0,75.0,9,0.3,1.4,100.0%,5.8,24,85,1,4,54.2,11,3.5,5.3,1.5,28,3.9,108,1,,KuhnJo00
317,Ronnie Brown,2TM,33,RB,10,0,8,5,44,8.8,0,2,37.5,24,0.5,4.4,62.5%,5.5,20,63,0,10,50.0,11,3.2,6.3,2.0,25,4.3,107,0,,BrowRo05
318,Derek Carrier,SFO,24,TE,11,1,14,9,105,11.7,0,4,64.3,23,0.8,9.5,64.3%,7.5,1,2,0,1,100.0,2,2.0,0.2,0.1,10,10.7,107,0,1,CarrDe00
319,Gavin Escobar,DAL,23,TE,16,1,13,9,105,11.7,4,7,69.2,26,0.6,6.6,69.2%,8.1,,,0,0,,,,,,9,11.7,105,4,,EscoGa00
320,Josh Huff,PHI,23,WR,12,0,18,8,98,12.3,0,4,38.9,44,0.7,8.2,44.4%,5.4,1,7,0,1,100.0,7,7.0,0.6,0.1,9,11.7,105,0,1,HuffJo00
321,Dane Sanzenbacher,CIN,26,WR,10,1,15,9,105,11.7,0,5,60.0,26,0.9,10.5,60.0%,7.0,1,-1,0,1,0.0,-1,-1.0,-0.1,0.1,10,10.4,104,0,1,SanzDa00
322,Darrel Young,WAS,27,RB,16,10,14,11,81,7.4,2,6,50.0,20,0.7,5.1,78.6%,5.8,9,22,3,6,66.7,14,2.4,1.4,0.6,20,5.2,103,5,,YounDa01
323,Michael Campanaro,BAL,23,WR,4,0,9,7,102,14.6,1,5,66.7,19,1.8,25.5,77.8%,11.3,,,0,0,,,,,,7,14.6,102,1,,CampMi02
324,Kevin Norwood,SEA,25,WR,9,2,10,9,102,11.3,0,5,60.0,31,1.0,11.3,90.0%,10.2,,,0,0,,,,,,9,11.3,102,0,,NorwKe00
325,Philip Rivers,SDG,33,QB,16,16,,,,,0,0,,,,,,,37,102,0,11,27.0,17,2.8,6.4,2.3,37,2.8,102,0,8,RivePh00
326,Eric Weems,ATL,29,WR,16,0,11,10,102,10.2,2,5,81.8,40,0.6,6.4,90.9%,9.3,,,0,0,,,,,,10,10.2,102,2,,WeemEr00
327,Chris Owusu,2TM,24,WR,8,0,6,6,78,13.0,1,8,83.3,36,0.8,9.8,100.0%,13.0,1,23,1,2,100.0,23,23.0,2.9,0.1,7,14.4,101,2,,OwusCh00
328,Josh Morgan,CHI,29,WR,14,7,19,10,70,7.0,1,4,42.1,13,0.7,5.0,52.6%,3.7,2,30,0,1,100.0,21,15.0,2.1,0.1,12,8.3,100,1,,MorgJo00
329,Charlie Whitehurst,TEN,32,QB,7,5,0,0,10,,0,0,,10,0.0,1.4,0.0%,,20,90,0,6,35.0,23,4.5,12.9,2.9,20,5.0,100,0,3,WhitCh02
330,Brandon Bolden,NWE,24,RB,16,2,6,2,8,4.0,0,0,0.0,4,0.1,0.5,33.3%,1.3,28,89,1,5,39.3,17,3.2,5.6,1.8,30,3.2,97,1,,BoldBr00
331,Justin Brown,PIT,23,WR,8,1,21,12,94,7.8,0,4,47.6,18,1.5,11.8,57.1%,4.5,,,0,0,,,,,,12,7.8,94,0,1,BrowJu00
332,Adrian Peterson,MIN,29,RB,1,1,3,2,18,9.0,0,1,66.7,9,2.0,18.0,66.7%,6.0,21,75,0,4,42.9,17,3.6,75.0,21.0,23,4.0,93,0,,PeteAd01
333,Matthew Stafford*,DET,26,QB,16,16,,,,,0,0,,,,,,,43,93,2,11,27.9,18,2.2,5.8,2.7,43,2.2,93,2,8,StafMa00
334,Derek Carr,OAK,23,QB,16,16,1,0,0,,0,0,0.0,0,0.0,0.0,0.0%,0.0,29,92,0,12,37.9,41,3.2,5.8,1.8,29,3.2,92,0,10,CarrDe02
335,Ryan Griffin,HOU,24,TE,16,2,16,10,91,9.1,1,5,56.3,25,0.6,5.7,62.5%,5.7,,,0,0,,,,,,10,9.1,91,1,,GrifRy00
336,A.J. Jenkins,KAN,25,WR,9,2,15,9,93,10.3,0,5,40.0,27,1.0,10.3,60.0%,6.2,2,-2,0,0,0.0,0,-1.0,-0.2,0.2,11,8.3,91,0,1,JenkA.00
337,Bruce Ellington,SFO,23,WR,13,0,12,6,62,10.3,2,5,41.7,20,0.5,4.8,50.0%,5.2,6,28,1,2,66.7,15,4.7,2.2,0.5,12,7.5,90,3,1,ElliBr00
338,Mike Brown,JAX,25,WR,5,1,15,7,88,12.6,0,5,40.0,17,1.4,17.6,46.7%,5.9,,,0,0,,,,,,7,12.6,88,0,1,BrowMi00
339,T.J. Graham,NYJ,25,WR,12,0,8,3,87,29.0,1,2,37.5,67,0.3,7.3,37.5%,10.9,,,0,0,,,,,,3,29.0,87,1,,GrahT.00
340,Mark Sanchez,PHI,28,QB,9,8,,,,,0,0,,,,,,,34,87,1,5,35.3,15,2.6,9.7,3.8,34,2.6,87,1,7,SancMa00
341,Ryan Hewitt,CIN,23,TE,16,11,15,10,86,8.6,0,3,46.7,19,0.6,5.4,66.7%,5.7,1,0,0,0,0.0,0,0.0,0.0,0.1,11,7.8,86,0,,HewiRy00
342,Zurlon Tipton,IND,24,RB,6,0,6,6,68,11.3,1,5,83.3,32,1.0,11.3,100.0%,11.3,10,18,0,0,20.0,9,1.8,3.0,1.7,16,5.4,86,1,,TiptZu01
343,Zach Sudfeld,NYJ,25,TE,16,3,7,5,85,17.0,0,3,71.4,38,0.3,5.3,71.4%,12.1,,,0,0,,,,,,5,17.0,85,0,,SudfZa00
344,Rod Streater,OAK,26,WR,3,3,13,9,84,9.3,1,5,61.5,17,3.0,28.0,69.2%,6.5,,,0,0,,,,,,9,9.3,84,1,,StreRo00
345,Storm Johnson,JAX,22,RB,6,1,1,1,-4,-4.0,0,0,0.0,-4,0.2,-0.7,100.0%,-4.0,29,86,2,5,31.0,20,3.0,14.3,4.8,30,2.7,82,2,,JohnSt03
346,Brian Tyms,NWE,25,WR,11,2,11,5,82,16.4,1,3,36.4,43,0.5,7.5,45.5%,7.5,,,0,0,,,,,,5,16.4,82,1,,TymsBr00
347,Will Ta'ufo'ou,JAX,28,RB,16,4,8,7,81,11.6,0,5,75.0,26,0.4,5.1,87.5%,10.1,,,0,0,,,,,,7,11.6,81,0,,TaufWi00
348,Anthony Sherman,KAN,26,RB,16,6,14,10,71,7.1,1,4,28.6,24,0.6,4.4,71.4%,5.1,2,8,0,1,50.0,4,4.0,0.5,0.1,12,6.6,79,1,,SherAn00
349,Keshawn Martin,HOU,24,WR,16,0,12,6,78,13.0,0,3,33.3,32,0.4,4.9,50.0%,6.5,,,0,0,,,,,,6,13.0,78,0,,MartKe01
350,Logan Paulsen,WAS,27,TE,16,12,16,13,78,6.0,1,2,50.0,16,0.8,4.9,81.3%,4.9,,,0,0,,,,,,13,6.0,78,1,1,PaulLo00
351,Virgil Green,DEN,26,TE,13,9,6,6,74,12.3,1,5,100.0,38,0.5,5.7,100.0%,12.3,2,3,0,0,0.0,3,1.5,0.2,0.2,8,9.6,77,1,,GreeVi00
352,Rex Burkhead,CIN,24,RB,9,0,10,7,49,7.0,0,3,40.0,15,0.8,5.4,70.0%,4.9,9,27,1,1,11.1,10,3.0,3.0,1.0,16,4.8,76,1,,BurkRe00
353,Zach Miller,SEA,29,TE,3,3,7,6,76,12.7,0,3,71.4,24,2.0,25.3,85.7%,10.9,,,0,0,,,,,,6,12.7,76,0,,MillZa01
354,DuJuan Harris,GNB,26,RB,15,0,2,1,11,11.0,0,1,50.0,11,0.1,0.7,50.0%,5.5,16,64,0,5,56.3,12,4.0,4.3,1.1,17,4.4,75,0,,HarrDu01
355,Joseph Fauria,DET,24,TE,7,0,12,6,74,12.3,1,4,41.7,26,0.9,10.6,50.0%,6.2,,,0,0,,,,,,6,12.3,74,1,,FaurJo00
356,George Winn,DET,24,RB,12,0,3,0,0,,0,0,0.0,0,0.0,0.0,0.0%,0.0,19,73,0,4,47.4,16,3.8,6.1,1.6,19,3.8,73,0,,WinnGe00
357,Danny Woodhead,SDG,29,RB,3,0,6,5,34,6.8,0,4,83.3,14,1.7,11.3,83.3%,5.7,15,38,0,2,33.3,13,2.5,12.7,5.0,20,3.6,72,0,,WoodDa02
358,Orleans Darkwa,2TM,22,RB,11,0,6,5,48,9.6,0,6,66.7,17,0.5,4.4,83.3%,8.0,9,23,1,2,44.4,12,2.6,2.1,0.8,14,5.1,71,1,,DarkOr00
359,Darren Fells,ARI,28,TE,10,5,12,5,71,14.2,0,4,33.3,24,0.5,7.1,41.7%,5.9,,,0,0,,,,,,5,14.2,71,0,,FellDa01
360,Joe Flacco,BAL,29,QB,16,16,,,,,0,0,,,,,,,39,70,2,17,43.6,15,1.8,4.4,2.4,39,1.8,70,2,5,FlacJo00
361,Marion Grice,ARI,23,RB,10,0,11,7,29,4.1,0,3,36.4,15,0.7,2.9,63.6%,2.6,15,41,1,3,53.3,8,2.7,4.1,1.5,22,3.2,70,1,,GricMa00
362,Cedric Peerman,CIN,28,RB,16,0,5,3,27,9.0,0,1,20.0,17,0.2,1.7,60.0%,5.4,15,43,0,3,13.3,21,2.9,2.7,0.9,18,3.9,70,0,1,PeerCe00
363,Brandon Pettigrew,DET,29,TE,14,9,15,10,70,7.0,0,4,33.3,13,0.7,5.0,66.7%,4.7,,,0,0,,,,,,10,7.0,70,0,,PettBr00
364,Drew Brees*,NOR,35,QB,16,16,1,1,1,1.0,0,0,0.0,1,0.1,0.1,100.0%,1.0,27,68,1,6,40.7,13,2.5,4.3,1.7,28,2.5,69,1,7,BreeDr00
365,Greg Little,CIN,25,WR,6,1,12,6,69,11.5,0,3,41.7,21,1.0,11.5,50.0%,5.8,,,0,0,,,,,,6,11.5,69,0,,LittGr00
366,Nick Foles,PHI,25,QB,8,8,,,,,0,0,,,,,,,16,68,0,6,62.5,14,4.3,8.5,2.0,16,4.3,68,0,4,FoleNi00
367,Ryan Grant,WAS,24,WR,16,2,15,7,68,9.7,0,4,40.0,21,0.4,4.3,46.7%,4.5,,,0,0,,,,,,7,9.7,68,0,,GranRy01
368,Santonio Holmes,CHI,30,WR,9,2,14,8,67,8.4,0,6,50.0,15,0.9,7.4,57.1%,4.8,,,0,0,,,,,,8,8.4,67,0,1,HolmSa00
369,Joe McKnight,KAN,26,RB,2,0,7,6,64,10.7,2,5,85.7,26,3.0,32.0,85.7%,9.1,1,3,0,0,0.0,3,3.0,1.5,0.5,7,9.6,67,2,,McKnJo00
370,Colt McCoy,WAS,28,QB,5,4,,,,,0,0,,,,,,,16,66,1,5,37.5,20,4.1,13.2,3.2,16,4.1,66,1,6,McCoCo00
371,David Nelson,NYJ,28,WR,6,5,16,8,65,8.1,0,4,37.5,17,1.3,10.8,50.0%,4.1,,,0,0,,,,,,8,8.1,65,0,2,NelsDa01
372,Chase Coffman,TEN,28,TE,13,3,14,6,64,10.7,1,4,28.6,18,0.5,4.9,42.9%,4.6,,,0,0,,,,,,6,10.7,64,1,,CoffCh00
373,Quinton Patton,SFO,24,WR,4,0,8,3,44,14.7,0,1,37.5,35,0.8,11.0,37.5%,5.5,1,20,0,0,100.0,20,20.0,5.0,0.3,4,16.0,64,0,1,PattQu00
374,Dri Archer,PIT,23,WR,12,0,10,7,23,3.3,0,0,30.0,15,0.6,1.9,70.0%,2.3,10,40,0,2,50.0,15,4.0,3.3,0.8,17,3.7,63,0,,ArchDr00
375,Russell Shepard,TAM,24,WR,16,0,8,4,63,15.8,0,3,50.0,23,0.3,3.9,50.0%,7.9,,,0,0,,,,,,4,15.8,63,0,,ShepRu00
376,Drew Stanton,ARI,30,QB,9,8,,,,,0,0,,,,,,,25,63,0,5,32.0,13,2.5,7.0,2.8,25,2.5,63,0,1,StanDr00
377,Patrick DiMarco,ATL,25,RB,16,7,14,9,62,6.9,1,4,42.9,16,0.6,3.9,64.3%,4.4,,,0,0,,,,,,9,6.9,62,1,,DiMaPa00
378,Jorvorskie Lane,TAM,27,RB,9,4,1,1,3,3.0,0,0,0.0,3,0.1,0.3,100.0%,3.0,3,58,0,1,66.7,54,19.3,6.4,0.3,4,15.3,61,0,,LaneJo00
379,Tony Romo*,DAL,34,QB,15,15,,,,,0,0,,,,,,,26,61,0,6,19.2,21,2.3,4.1,1.7,26,2.3,61,0,7,RomoTo00
380,James White,NWE,22,RB,3,0,5,5,23,4.6,0,1,40.0,11,1.7,7.7,100.0%,4.6,9,38,0,1,33.3,11,4.2,12.7,3.0,14,4.4,61,0,,WhitJa02
381,James Casey,PHI,30,TE,16,2,3,3,59,19.7,2,3,100.0,26,0.2,3.7,100.0%,19.7,,,0,0,,,,,,3,19.7,59,2,,CaseJa00
382,Jonathan Dwyer,ARI,25,RB,2,0,3,2,8,4.0,0,0,0.0,5,1.0,4.0,66.7%,2.7,16,51,1,3,25.0,20,3.2,25.5,8.0,18,3.3,59,1,,DwyeJo00
383,Jed Collins,DET,28,RB,16,2,6,5,39,7.8,1,2,50.0,24,0.3,2.4,83.3%,6.5,8,19,0,5,62.5,3,2.4,1.2,0.5,13,4.5,58,1,,CollJe01
384,Robert Herron,TAM,22,WR,8,0,12,6,58,9.7,1,3,50.0,16,0.8,7.3,50.0%,4.8,1,0,0,0,0.0,0,0.0,0.0,0.1,7,8.3,58,1,,HerrRo00
385,Tom Brady*,NWE,37,QB,16,16,,,,,0,0,,,,,,,36,57,0,11,36.1,17,1.6,3.6,2.3,36,1.6,57,0,6,BradTo00
386,John Conner,NYJ,27,RB,12,3,3,2,35,17.5,1,2,66.7,26,0.2,2.9,66.7%,11.7,6,20,0,1,33.3,13,3.3,1.7,0.5,8,6.9,55,1,,ConnJo00
387,Cory Harkey,STL,24,RB,16,13,11,8,55,6.9,1,5,54.5,21,0.5,3.4,72.7%,5.0,,,0,0,,,,,,8,6.9,55,1,,HarkCo00
388,Ace Sanders,JAX,23,WR,12,0,7,6,55,9.2,0,1,42.9,24,0.5,4.6,85.7%,7.9,,,0,0,,,,,,6,9.2,55,0,2,SandAc00
389,Bryan Walters,SEA,27,WR,13,0,11,6,57,9.5,0,3,36.4,17,0.5,4.4,54.5%,5.2,1,-2,0,0,0.0,-2,-2.0,-0.2,0.1,7,7.9,55,0,,WaltBr00
390,Kris Durham,TEN,26,WR,4,0,11,6,54,9.0,0,2,36.4,14,1.5,13.5,54.5%,4.9,,,0,0,,,,,,6,9.0,54,0,,DurhKr00
391,Garrett Celek,SFO,26,TE,3,1,2,2,53,26.5,0,2,100.0,31,0.7,17.7,100.0%,26.5,,,0,0,,,,,,2,26.5,53,0,,CeleGa00
392,EJ Manuel,BUF,24,QB,5,4,,,,,0,0,,,,,,,16,52,1,2,25.0,8,3.3,10.4,3.2,16,3.3,52,1,1,ManuEJ00
393,Corey Washington,NYG,23,WR,14,0,8,5,52,10.4,1,4,50.0,20,0.4,3.7,62.5%,6.5,,,0,0,,,,,,5,10.4,52,1,,WashCo01
394,Marquise Goodwin,BUF,24,WR,10,0,9,1,42,42.0,0,1,11.1,42,0.1,4.2,11.1%,4.7,3,8,0,1,66.7,12,2.7,0.8,0.3,4,12.5,50,0,1,GoodMa00
395,Chris Ogbonnaya,2TM,28,RB,7,0,1,0,0,,0,0,0.0,0,0.0,0.0,0.0%,0.0,14,50,1,6,57.1,9,3.6,7.1,2.0,14,3.6,50,1,,OgboCh00
396,Kevin Ogletree,NYG,27,WR,7,0,9,5,50,10.0,0,2,55.6,15,0.7,7.1,55.6%,5.6,,,0,0,,,,,,5,10.0,50,0,,OgleKe00
397,Adrien Robinson,NYG,26,LB,16,1,7,5,50,10.0,1,3,57.1,29,0.3,3.1,71.4%,7.1,,,0,0,,,,,,5,10.0,50,1,,RobiAd00
398,Mike Glennon,TAM,25,QB,6,5,,,,,0,0,,,,,,,10,49,0,3,30.0,19,4.9,8.2,1.7,10,4.9,49,0,2,GlenMi00
399,James Develin,NWE,26,RB,16,4,8,6,43,7.2,0,3,37.5,13,0.4,2.7,75.0%,5.4,3,5,0,0,33.3,5,1.7,0.3,0.2,9,5.3,48,0,1,DeveJa00
400,Chris Gragg,BUF,24,TE,10,5,10,7,48,6.9,1,4,60.0,14,0.7,4.8,70.0%,4.8,,,0,0,,,,,,7,6.9,48,1,,GragCh00
401,James Hanna,DAL,25,TE,16,12,6,4,48,12.0,0,3,50.0,27,0.3,3.0,66.7%,8.0,,,0,0,,,,,,4,12.0,48,0,,HannJa00
402,Andrew Sendejo,MIN,27,DB,16,3,,,,,0,0,,,,,,,1,48,0,1,100.0,48,48.0,3.0,0.1,1,48.0,48,0,,SendAn00
403,Trey Watts,STL,23,RB,14,0,4,3,18,6.0,0,2,50.0,11,0.2,1.3,75.0%,4.5,7,30,0,3,57.1,9,4.3,2.1,0.5,10,4.8,48,0,,WattTr00
404,Andre Caldwell,DEN,29,WR,16,2,15,5,47,9.4,0,4,26.7,15,0.3,2.9,33.3%,3.1,,,0,0,,,,,,5,9.4,47,0,,CaldAn00
405,Jeff Maehl,PHI,25,WR,8,0,5,5,46,9.2,0,1,60.0,15,0.6,5.8,100.0%,9.2,,,0,0,,,,,,5,9.2,46,0,,MaehJe00
406,Matt Spaeth,PIT,31,TE,15,8,4,3,46,15.3,1,2,50.0,33,0.2,3.1,75.0%,11.5,,,0,0,,,,,,3,15.3,46,1,,SpaeMa00
407,Seyi Ajirotutu,SDG,27,WR,16,1,12,4,45,11.3,0,4,33.3,17,0.3,2.8,33.3%,3.8,,,0,0,,,,,,4,11.3,45,0,,AjirSe00
408,Frankie Hammond,KAN,24,WR,16,3,11,4,45,11.3,0,2,36.4,22,0.3,2.8,36.4%,4.1,,,0,0,,,,,,4,11.3,45,0,,HammFr00
409,Michael Hoomanawanui,NWE,26,TE,16,12,6,3,44,14.7,0,2,50.0,23,0.2,2.8,50.0%,7.3,,,0,0,,,,,,3,14.7,44,0,,HoomMi00
410,Brandon Williams,CAR,27,TE,14,0,8,4,44,11.0,0,4,50.0,16,0.3,3.1,50.0%,5.5,,,0,0,,,,,,4,11.0,44,0,,WillBr04
411,Michael Cox,NYG,26,RB,4,0,3,2,9,4.5,0,0,0.0,9,0.5,2.3,66.7%,3.0,4,33,0,1,50.0,17,8.3,8.3,1.0,6,7.0,42,0,,CoxxMi00
412,Lee Smith,BUF,27,TE,14,10,8,7,42,6.0,1,3,62.5,18,0.5,3.0,87.5%,5.3,,,0,0,,,,,,7,6.0,42,1,,SmitLe00
413,Will Johnson,PIT,25,RB,16,5,9,6,41,6.8,0,3,44.4,18,0.4,2.6,66.7%,4.6,2,0,0,0,0.0,0,0.0,0.0,0.1,8,5.1,41,0,,JohnWi00
414,Luke Stocker,TAM,26,RB,13,7,11,7,41,5.9,0,2,45.5,11,0.5,3.2,63.6%,3.7,,,0,0,,,,,,7,5.9,41,0,,StocLu00
415,Brian Hoyer,CLE,29,QB,14,13,,,,,0,0,,,,,,,24,39,0,5,25.0,11,1.6,2.8,1.7,24,1.6,39,0,4,HoyeBr00
416,Chris Thompson,WAS,24,RB,2,0,7,6,27,4.5,1,2,28.6,9,3.0,13.5,85.7%,3.9,3,12,0,0,66.7,7,4.0,6.0,1.5,9,4.3,39,1,,ThomCh03
417,Fitzgerald Toussaint,BAL,24,RB,4,0,6,3,27,9.0,0,1,50.0,15,0.8,6.8,50.0%,4.5,6,12,0,2,33.3,12,2.0,3.0,1.5,9,4.3,39,0,,TousFi00
418,Aaron Dobson,NWE,23,WR,4,1,5,3,38,12.7,0,2,60.0,16,0.8,9.5,60.0%,7.6,,,0,0,,,,,,3,12.7,38,0,,DobsAa00
419,Jerrel Jernigan,NYG,25,WR,2,1,9,6,40,6.7,0,2,33.3,11,3.0,20.0,66.7%,4.4,1,-2,0,0,0.0,-2,-2.0,-1.0,0.5,7,5.4,38,0,,JernJe00
420,Troy Niklas,ARI,22,TE,7,2,3,3,38,12.7,0,2,100.0,17,0.4,5.4,100.0%,12.7,,,0,0,,,,,,3,12.7,38,0,,NiklTr00
421,Jackie Battle,TEN,31,RB,16,1,5,5,28,5.6,0,2,60.0,12,0.3,1.8,100.0%,5.6,5,9,1,4,80.0,5,1.8,0.6,0.3,10,3.7,37,1,,BattJa00
422,Tyler Eifert,CIN,24,TE,1,1,3,3,37,12.3,0,2,66.7,20,3.0,37.0,100.0%,12.3,,,0,0,,,,,,3,12.3,37,0,,EifeTy00
423,Austin Johnson,NOR,25,RB,7,1,2,2,15,7.5,1,2,100.0,13,0.3,2.1,100.0%,7.5,8,22,0,5,62.5,8,2.8,3.1,1.1,10,3.7,37,1,,JohnAu00
424,Austin Davis,STL,25,QB,10,8,,,,,0,0,,,,,,,16,36,0,2,18.8,12,2.3,3.6,1.6,16,2.3,36,0,5,DaviAu00
425,Case Keenum,HOU,26,QB,2,2,,,,,0,0,,,,,,,10,35,0,6,60.0,13,3.5,17.5,5.0,10,3.5,35,0,1,KeenCa00
426,Brian Leonhardt,OAK,24,TE,12,3,8,6,35,5.8,1,2,62.5,12,0.5,2.9,75.0%,4.4,,,0,0,,,,,,6,5.8,35,1,,LeonBr01
427,Tommy Bohanon,NYJ,24,RB,4,2,2,2,30,15.0,0,2,100.0,16,0.5,7.5,100.0%,15.0,1,3,0,1,100.0,3,3.0,0.8,0.3,3,11.0,33,0,,BohaTo00
428,Darrius Heyward-Bey,PIT,27,WR,16,1,5,3,33,11.0,0,1,40.0,17,0.2,2.1,60.0%,6.6,,,0,0,,,,,,3,11.0,33,0,1,HeywDa00
429,Mike James,TAM,23,RB,11,0,1,1,-5,-5.0,0,0,0.0,-5,0.1,-0.5,100.0%,-5.0,19,37,0,4,31.6,9,1.9,3.4,1.7,20,1.6,32,0,,JameMi00
430,Cyrus Gray,KAN,25,RB,9,0,,,,,0,0,,,,,,,8,31,1,1,50.0,6,3.9,3.4,0.9,8,3.9,31,1,,GrayCy00
431,Erik Lorig,NOR,28,RB,10,6,10,9,27,3.0,1,2,30.0,14,0.9,2.7,90.0%,2.7,3,4,0,0,33.3,4,1.3,0.4,0.3,12,2.6,31,1,1,LoriEr99
432,Eli Manning,NYG,33,QB,16,16,,,,,0,0,,,,,,,12,31,1,4,33.3,18,2.6,1.9,0.8,12,2.6,31,1,7,MannEl00
433,Vance McDonald,SFO,24,TE,8,4,8,2,30,15.0,0,0,0.0,21,0.3,3.8,25.0%,3.8,,,0,0,,,,,,2,15.0,30,0,1,McDoVa00
434,DeVier Posey,HOU,24,WR,1,1,1,1,30,30.0,0,1,100.0,30,1.0,30.0,100.0%,30.0,,,0,0,,,,,,1,30.0,30,0,,PoseDe00
435,Alfonso Smith,SFO,27,RB,6,0,4,3,11,3.7,0,0,0.0,5,0.5,1.8,75.0%,2.8,7,19,0,1,28.6,12,2.7,3.2,1.2,10,3.0,30,0,,SmitAl22
436,Phillip Supernaw,2TM,24,TE,8,1,3,3,30,10.0,0,2,33.3,29,0.4,3.8,100.0%,10.0,,,0,0,,,,,,3,10.0,30,0,,SupePh00
437,Derrick Coleman,SEA,24,RB,5,1,2,2,29,14.5,1,2,100.0,15,0.4,5.8,100.0%,14.5,,,0,0,,,,,,2,14.5,29,1,,ColeDe00
438,Johnny Manziel,CLE,22,QB,5,2,,,,,0,0,,,,,,,9,29,1,1,33.3,10,3.2,5.8,1.8,9,3.2,29,1,1,ManzJo00
439,C.J. Fiedorowicz,HOU,23,TE,15,8,7,4,28,7.0,1,1,42.9,9,0.3,1.9,57.1%,4.0,,,0,0,,,,,,4,7.0,28,1,,FiedC.00
440,Jerome Felton,MIN,28,RB,16,3,2,0,0,,0,0,0.0,0,0.0,0.0,0.0%,0.0,4,27,0,2,50.0,21,6.8,1.7,0.3,4,6.8,27,0,,FeltJe00
441,Craig Stevens,TEN,30,TE,5,4,2,2,26,13.0,0,1,100.0,20,0.4,5.2,100.0%,13.0,,,0,0,,,,,,2,13.0,26,0,,StevCr00
442,Frank Summers,BUF,29,RB,10,6,8,5,9,1.8,0,0,0.0,4,0.5,0.9,62.5%,1.1,6,17,1,4,66.7,4,2.8,1.7,0.6,11,2.4,26,1,,SummFr00
443,Antwon Blake,PIT,24,DB,16,1,1,1,25,25.0,0,1,100.0,25,0.1,1.6,100.0%,25.0,,,0,0,,,,,,1,25.0,25,0,,BlakAn00
444,Ryan Broyles,DET,26,WR,5,0,5,2,25,12.5,0,2,40.0,21,0.4,5.0,40.0%,5.0,,,0,0,,,,,,2,12.5,25,0,,BroyRy00
445,Chad Henne,JAX,29,QB,3,3,,,,,0,0,,,,,,,4,25,0,2,75.0,12,6.3,8.3,1.3,4,6.3,25,0,1,HennCh01
446,Carson Palmer,ARI,35,QB,6,6,1,0,0,,0,0,0.0,0,0.0,0.0,0.0%,0.0,8,25,0,1,25.0,12,3.1,4.2,1.3,8,3.1,25,0,3,PalmCa00
447,Derek Anderson,CAR,31,QB,6,2,,,,,0,0,,,,,,,8,24,0,3,50.0,8,3.0,4.0,1.3,8,3.0,24,0,2,AndeDe00
448,Jay Prosch,HOU,22,RB,16,5,4,1,24,24.0,0,1,25.0,24,0.1,1.5,25.0%,6.0,,,0,0,,,,,,1,24.0,24,0,,ProsJa00
449,Taylor Thompson,TEN,25,TE,3,1,4,2,24,12.0,0,2,50.0,13,0.7,8.0,50.0%,6.0,,,0,0,,,,,,2,12.0,24,0,,ThomTa00
450,Jarrett Boykin,GNB,25,WR,13,3,12,3,23,7.7,0,1,25.0,11,0.2,1.8,25.0%,1.9,,,0,0,,,,,,3,7.7,23,0,,BoykJa00
451,Cody Latimer,DEN,22,WR,8,0,4,2,23,11.5,0,1,50.0,14,0.3,2.9,50.0%,5.8,,,0,0,,,,,,2,11.5,23,0,,LatiCo00
452,Griff Whalen,IND,24,WR,10,0,3,2,23,11.5,0,2,66.7,18,0.2,2.3,66.7%,7.7,,,0,0,,,,,,2,11.5,23,0,2,WhalGr00
453,Jeremy Stewart,DEN,25,RB,6,0,,,,,0,0,,,,,,,6,22,0,1,33.3,16,3.7,3.7,1.0,6,3.7,22,0,,StewJe00
454,Kevin Brock,CIN,28,TE,14,2,6,5,21,4.2,0,2,50.0,10,0.4,1.5,83.3%,3.5,,,0,0,,,,,,5,4.2,21,0,,BrocKe00
455,Gator Hoskins,MIA,23,TE,11,0,4,3,21,7.0,0,2,50.0,14,0.3,1.9,75.0%,5.3,,,0,0,,,,,,3,7.0,21,0,,HoskHa00
456,Ben Roethlisberger*,PIT,32,QB,16,16,0,0,-6,,0,0,,-6,0.0,-0.4,0.0%,,33,27,0,6,24.2,8,0.8,1.7,2.1,33,0.6,21,0,9,RoetBe00
457,Kirk Cousins,WAS,26,QB,6,5,,,,,0,0,,,,,,,7,20,0,3,57.1,12,2.9,3.3,1.2,7,2.9,20,0,2,CousKi00
458,Demetrius Harris,KAN,23,TE,8,3,5,3,20,6.7,0,2,40.0,10,0.4,2.5,60.0%,4.0,,,0,0,,,,,,3,6.7,20,0,,HarrDe03
459,Shaun Draughn,3TM,27,RB,10,0,,,,,0,0,,,,,,,10,19,0,0,0.0,6,1.9,1.9,1.0,10,1.9,19,0,,DrauSh00
460,Solomon Patton,2TM,24,WR,13,0,,,,,0,0,,,,,,,1,19,0,2,100.0,19,19.0,1.5,0.1,1,19.0,19,0,1,PattSo01
461,Matt Cassel,MIN,32,QB,3,3,,,,,0,0,,,,,,,9,18,0,1,11.1,13,2.0,6.0,3.0,9,2.0,18,0,3,CassMa00
462,Jamize Olawale,OAK,25,FB,16,0,6,5,18,3.6,2,2,66.7,7,0.3,1.1,83.3%,3.0,2,0,0,0,0.0,0,0.0,0.0,0.1,7,2.6,18,2,,OlawJa00
463,Devin Street,DAL,23,WR,16,0,7,2,18,9.0,0,1,28.6,9,0.1,1.1,28.6%,2.6,,,0,0,,,,,,2,9.0,18,0,,StreDe00
464,Ray Agnew,CLE,23,RB,12,9,9,3,15,5.0,0,1,11.1,12,0.3,1.3,33.3%,1.7,2,2,0,1,50.0,2,1.0,0.2,0.2,5,3.4,17,0,,AgneRa00
465,Cameron Brate,TAM,23,TE,5,1,1,1,17,17.0,0,1,100.0,17,0.2,3.4,100.0%,17.0,,,0,0,,,,,,1,17.0,17,0,,BratCa00
466,Josh Harris,PIT,23,RB,5,0,,,,,0,0,,,,,,,9,16,0,2,11.1,4,1.8,3.2,1.8,9,1.8,16,0,,HarrJo04
467,Nic Jacobs,JAX,23,TE,13,4,3,2,16,8.0,1,2,66.7,14,0.2,1.2,66.7%,5.3,,,0,0,,,,,,2,8.0,16,1,,JacoNi00
468,Jeff Janis,GNB,23,WR,3,0,2,2,16,8.0,0,2,100.0,9,0.7,5.3,100.0%,8.0,,,0,0,,,,,,2,8.0,16,0,,JaniJe00
469,Christian Ponder,MIN,26,QB,2,1,,,,,0,0,,,,,,,4,16,1,2,50.0,8,4.0,8.0,2.0,4,4.0,16,1,,PondCh00
470,Joe Webb,CAR,28,QB,7,0,3,1,16,16.0,0,1,33.3,16,0.1,2.3,33.3%,5.3,,,0,0,,,,,,1,16.0,16,0,,WebbJo00
471,Chase Daniel,KAN,28,QB,3,1,,,,,0,0,,,,,,,4,15,0,1,50.0,9,3.8,5.0,1.3,4,3.8,15,0,,DaniCh00
472,Brian Leonard,NOR,30,RB,1,0,1,1,15,15.0,0,1,100.0,15,1.0,15.0,100.0%,15.0,,,0,0,,,,,,1,15.0,15,0,,LeonBr00
473,David Ausberry,OAK,27,WR,6,0,4,2,14,7.0,0,0,0.0,7,0.3,2.3,50.0%,3.5,,,0,0,,,,,,2,7.0,14,0,,AusbDa00
474,Kyle Orton,BUF,32,QB,12,12,,,,,0,0,,,,,,,15,14,1,2,20.0,10,0.9,1.2,1.3,15,0.9,14,1,3,OrtoKy00
475,Damian Williams,2TM,26,WR,3,0,1,1,14,14.0,0,2,100.0,14,0.3,4.7,100.0%,14.0,,,0,0,,,,,,1,14.0,14,0,,WillDa04
476,David Bruton,DEN,27,DB,14,1,,,,,0,0,,,,,,,1,13,0,1,100.0,13,13.0,0.9,0.1,1,13.0,13,0,,BrutDa99
477,Henry Hynoski,NYG,26,RB,16,4,,,,,0,0,,,,,,,7,13,0,4,71.4,4,1.9,0.8,0.4,7,1.9,13,0,,HynoHe01
478,Tavarres King,TAM,24,WR,2,0,3,2,13,6.5,0,1,66.7,7,1.0,6.5,66.7%,4.3,,,0,0,,,,,,2,6.5,13,0,,KingTa00
479,Antonio Andrews,TEN,22,RB,4,0,2,2,11,5.5,0,0,0.0,6,0.5,2.8,100.0%,5.5,,,0,0,,,,,,2,5.5,11,0,,AndrAn00
480,Courtney Roby,ATL,31,WR,4,0,2,1,11,11.0,0,1,50.0,11,0.3,2.8,50.0%,5.5,,,0,0,,,,,,1,11.0,11,0,,RobyCo00
481,Brad Smith,PHI,31,WR,13,0,3,1,11,11.0,0,1,33.3,11,0.1,0.8,33.3%,3.7,,,0,0,,,,,,1,11.0,11,0,,SmitBr01
482,Trey Burton,PHI,23,TE,15,0,,,,,0,0,,,,,,,5,10,0,0,0.0,4,2.0,0.7,0.3,5,2.0,10,0,,BurtTr01
483,Shaun Hill,STL,34,QB,9,8,1,1,0,0.0,0,0,0.0,0,0.1,0.0,100.0%,0.0,10,10,1,1,20.0,9,1.0,1.1,1.1,11,0.9,10,1,7,HillSh00
484,Jimmy Clausen,CHI,27,QB,4,1,,,,,0,0,,,,,,,3,9,0,2,66.7,4,3.0,2.3,0.8,3,3.0,9,0,,ClauJi00
485,Jimmy Garoppolo,NWE,23,QB,6,0,,,,,0,0,,,,,,,10,9,0,2,30.0,9,0.9,1.5,1.7,10,0.9,9,0,,GaroJi00
486,LaMichael James,2TM,25,RB,3,0,1,0,0,,0,0,0.0,0,0.0,0.0,0.0%,0.0,5,9,0,0,0.0,5,1.8,3.0,1.7,5,1.8,9,0,,JameLa00
487,Karl Klug,TEN,26,DT,16,0,1,1,9,9.0,0,1,100.0,9,0.1,0.6,100.0%,9.0,,,0,0,,,,,,1,9.0,9,0,,KlugKa00
488,Connor Shaw,CLE,23,QB,1,1,,,,,0,0,,,,,,,7,9,0,1,28.6,7,1.3,9.0,7.0,7,1.3,9,0,1,ShawCo00
489,Josh Cribbs,IND,31,WR,6,0,1,1,8,8.0,0,0,0.0,8,0.2,1.3,100.0%,8.0,,,0,0,,,,,,1,8.0,8,0,2,CribJo01
490,Marcel Jensen,JAX,24,TE,1,0,1,1,8,8.0,0,0,0.0,8,1.0,8.0,100.0%,8.0,,,0,0,,,,,,1,8.0,8,0,,JensMa01
491,Micheal Spurlock,CHI,31,WR,1,0,3,1,8,8.0,0,0,0.0,8,1.0,8.0,33.3%,2.7,,,0,0,,,,,,1,8.0,8,0,,SpurMi00
492,Jalen Saunders,4TM,22,WR,15,0,1,1,7,7.0,0,0,0.0,7,0.1,0.5,100.0%,7.0,,,0,0,,,,,,1,7.0,7,0,2,SaunJa00
493,Aldrick Robinson,WAS,26,WR,5,0,,1,6,6.0,0,0,,6,0.2,1.2,0.0%,,,,0,0,,,,,,1,6.0,6,0,,RobiAl00
494,Brian Schwenke,TEN,23,C,11,11,1,1,6,6.0,0,0,0.0,6,0.1,0.5,100.0%,6.0,,,0,0,,,,,,1,6.0,6,0,1,SchwBr00
495,Will Tukuafu,SEA,30,FB,9,2,2,1,4,4.0,0,1,50.0,4,0.1,0.4,50.0%,2.0,1,2,0,1,100.0,2,2.0,0.2,0.1,2,3.0,6,0,,TukuWi00
496,Blaine Gabbert,SFO,25,QB,1,0,,,,,0,0,,,,,,,1,5,0,0,0.0,5,5.0,5.0,1.0,1,5.0,5,0,,GabbBl00
497,Jon Ryan,SEA,33,P,16,0,,,,,0,0,,,,,,,2,5,0,1,50.0,5,2.5,0.3,0.1,2,2.5,5,0,2,RyanJo21
498,Kevin Dorsey,GNB,24,WR,3,0,2,1,4,4.0,0,0,0.0,4,0.3,1.3,50.0%,2.0,,,0,0,,,,,,1,4.0,4,0,,DorsKe01
499,David Johnson,SDG,27,TE,14,2,,1,4,4.0,0,0,,4,0.1,0.3,0.0%,,,,0,0,,,,,,1,4.0,4,0,,JohnDa05
500,Zach Mettenberger,TEN,23,QB,7,6,,,,,0,0,,,,,,,5,4,0,1,20.0,8,0.8,0.6,0.7,5,0.8,4,0,4,MettZa00
501,J.J. Watt*+,HOU,25,LDE,16,16,3,3,4,1.3,3,3,100.0,2,0.2,0.3,100.0%,1.3,,,0,0,,,,,,3,1.3,4,3,,WattJ.00
502,Isa Abdul-Quddus,DET,25,DB,16,4,1,1,3,3.0,0,0,0.0,3,0.1,0.2,100.0%,3.0,,,0,0,,,,,,1,3.0,3,0,,AbduIs00
503,Brandon Bostick,GNB,25,TE,13,0,4,2,3,1.5,1,1,25.0,2,0.2,0.2,50.0%,0.8,,,0,0,,,,,,2,1.5,3,1,,BostBr00
504,Craig Dahl,SFO,29,DB,16,1,,,,,0,0,,,,,,,1,3,0,1,100.0,3,3.0,0.2,0.1,1,3.0,3,0,,DahlCr99
505,Matt McGloin,OAK,25,QB,1,0,,,,,0,0,,,,,,,2,3,0,1,50.0,3,1.5,3.0,2.0,2,1.5,3,0,,McGlMa01
506,Bear Pascoe,ATL,28,TE,16,2,2,2,3,1.5,1,1,50.0,2,0.1,0.2,100.0%,1.5,,,0,0,,,,,,2,1.5,3,1,,PascBe00
507,Donald Penn,OAK,31,LT,16,16,1,1,3,3.0,1,1,100.0,3,0.1,0.2,100.0%,3.0,,,0,0,,,,,,1,3.0,3,1,,PennDo20
508,Edwin Baker,NOR,23,RB,3,0,,,,,0,0,,,,,,,1,2,0,1,100.0,2,2.0,0.7,0.3,1,2.0,2,0,,BakeEd01
509,Danny McCray,CHI,26,DB,15,0,,,,,0,0,,,,,,,1,2,0,0,0.0,2,2.0,0.1,0.1,1,2.0,2,0,,McCrDa00
510,Matt Simms,NYJ,26,QB,1,0,,,,,0,0,,,,,,,1,2,0,1,100.0,2,2.0,2.0,1.0,1,2.0,2,0,,SimmMa00
511,Tress Way,WAS,24,P,16,0,,,,,0,0,,,,,,,1,2,0,0,0.0,2,2.0,0.1,0.1,1,2.0,2,0,1,WayxTr00
512,Khalif Barnes,OAK,32,RT/LG,14,13,1,1,1,1.0,0,0,0.0,1,0.1,0.1,100.0%,1.0,,,0,0,,,,,,1,1.0,1,0,1,BarnKh20
513,Jason Campbell,CIN,33,QB,4,0,,,,,0,0,,,,,,,1,1,0,0,0.0,1,1.0,0.3,0.3,1,1.0,1,0,1,CampJa00
514,Anthony Castonzo,IND,26,LT,16,16,1,1,1,1.0,1,1,100.0,1,0.1,0.1,100.0%,1.0,,,0,0,,,,,,1,1.0,1,1,,CastAn00
515,Tyler Clutts,DAL,30,RB,16,1,1,1,1,1.0,0,0,0.0,1,0.1,0.1,100.0%,1.0,,,0,0,,,,,,1,1.0,1,0,,ClutTy00
516,Michael Palmer,PIT,26,TE,15,1,2,1,1,1.0,1,1,50.0,1,0.1,0.1,50.0%,0.5,,,0,0,,,,,,1,1.0,1,1,,PalmMi00
517,John Phillips,SDG,27,TE,16,1,1,1,1,1.0,1,1,100.0,1,0.1,0.1,100.0%,1.0,,,0,0,,,,,,1,1.0,1,1,,PhilJo00